date,value
10/7/2024,"19,108.05"
10/4/2024,"19,120.93"
10/3/2024,"19,015.41"
10/2/2024,"19,164.75"
10/1/2024,"19,213.14"
9/30/2024,"19,324.93"
9/27/2024,"19,473.63"
9/26/2024,"19,238.36"
9/25/2024,"18,918.50"
9/24/2024,"18,996.63"
9/23/2024,"18,846.79"
9/20/2024,"18,720.01"
9/19/2024,"19,002.38"
9/18/2024,"18,711.49"
9/17/2024,"18,726.08"
9/16/2024,"18,633.11"
9/13/2024,"18,699.40"
9/12/2024,"18,518.39"
9/11/2024,"18,330.27"
9/10/2024,"18,265.92"
9/9/2024,"18,443.56"
9/6/2024,"18,301.90"
9/5/2024,"18,576.50"
9/4/2024,"18,591.85"
9/3/2024,"18,747.11"
9/2/2024,"18,930.85"
8/30/2024,"18,906.92"
8/29/2024,"18,912.57"
8/28/2024,"18,782.29"
8/27/2024,"18,681.81"
8/26/2024,"18,617.02"
8/23/2024,"18,633.10"
8/22/2024,"18,493.39"
8/21/2024,"18,448.95"
8/20/2024,"18,357.52"
8/19/2024,"18,421.69"
8/16/2024,"18,322.40"
8/15/2024,"18,183.24"
8/14/2024,"17,885.60"
8/13/2024,"17,812.05"
8/12/2024,"17,726.47"
8/9/2024,"17,722.88"
8/8/2024,"17,680.40"
8/7/2024,"17,615.15"
8/6/2024,"17,354.32"
8/5/2024,"17,339.00"
8/2/2024,"17,661.22"
8/1/2024,"18,083.05"
7/31/2024,"18,508.65"
7/30/2024,"18,411.18"
7/29/2024,"18,320.67"
7/26/2024,"18,417.55"
7/25/2024,"18,298.72"
7/24/2024,"18,387.46"
7/23/2024,"18,557.70"
7/22/2024,"18,407.07"
7/19/2024,"18,171.93"
7/18/2024,"18,354.76"
7/17/2024,"18,437.30"
7/16/2024,"18,518.03"
7/15/2024,"18,590.89"
7/12/2024,"18,748.18"
7/11/2024,"18,534.56"
7/10/2024,"18,407.22"
7/9/2024,"18,236.19"
7/8/2024,"18,472.05"
7/5/2024,"18,475.45"
7/4/2024,"18,450.48"
7/3/2024,"18,374.53"
7/2/2024,"18,164.06"
7/1/2024,"18,290.66"
6/28/2024,"18,235.45"
6/27/2024,"18,210.55"
6/26/2024,"18,155.24"
6/25/2024,"18,177.62"
6/24/2024,"18,325.58"
6/21/2024,"18,163.52"
6/20/2024,"18,254.18"
6/19/2024,"18,067.91"
6/18/2024,"18,131.97"
6/17/2024,"18,068.21"
6/14/2024,"18,002.02"
6/13/2024,"18,265.68"
6/12/2024,"18,630.86"
6/11/2024,"18,369.94"
6/10/2024,"18,494.89"
6/7/2024,"18,557.27"
6/6/2024,"18,652.67"
6/5/2024,"18,575.94"
6/4/2024,"18,405.64"
6/3/2024,"18,608.16"
5/31/2024,"18,497.94"
5/30/2024,"18,496.79"
5/29/2024,"18,473.29"
5/28/2024,"18,677.87"
5/27/2024,"18,774.71"
5/24/2024,"18,693.37"
5/23/2024,"18,691.32"
5/22/2024,"18,680.20"
5/21/2024,"18,726.76"
5/20/2024,"18,768.96"
5/17/2024,"18,704.42"
5/16/2024,"18,738.81"
5/15/2024,"18,869.36"
5/14/2024,"18,716.42"
5/13/2024,"18,742.22"
5/10/2024,"18,772.85"
5/9/2024,"18,686.60"
5/8/2024,"18,498.38"
5/7/2024,"18,430.05"
5/6/2024,"18,175.21"
5/3/2024,"17,993.69"
5/2/2024,"17,896.50"
4/30/2024,"17,932.17"
4/29/2024,"18,118.32"
4/26/2024,"18,161.01"
4/25/2024,"17,917.28"
4/24/2024,"18,088.70"
4/23/2024,"18,137.65"
4/22/2024,"17,860.80"
4/19/2024,"17,737.36"
4/18/2024,"17,837.40"
4/17/2024,"17,770.02"
4/16/2024,"17,766.23"
4/15/2024,"18,026.58"
4/12/2024,"17,930.32"
4/11/2024,"17,954.48"
4/10/2024,"18,097.30"
4/9/2024,"18,076.69"
4/8/2024,"18,318.97"
4/5/2024,"18,175.04"
4/4/2024,"18,403.13"
4/3/2024,"18,367.72"
4/2/2024,"18,283.13"
3/28/2024,"18,492.49"
3/27/2024,"18,477.09"
3/26/2024,"18,384.35"
3/25/2024,"18,261.31"
3/22/2024,"18,205.94"
3/21/2024,"18,179.25"
3/20/2024,"18,015.13"
3/19/2024,"17,987.49"
3/18/2024,"17,932.68"
3/15/2024,"17,936.65"
3/14/2024,"17,942.04"
3/13/2024,"17,961.38"
3/12/2024,"17,965.11"
3/11/2024,"17,746.27"
3/8/2024,"17,814.51"
3/7/2024,"17,842.85"
3/6/2024,"17,716.71"
3/5/2024,"17,698.40"
3/4/2024,"17,716.17"
3/1/2024,"17,735.07"
2/29/2024,"17,678.19"
2/28/2024,"17,601.22"
2/27/2024,"17,556.49"
2/26/2024,"17,423.23"
2/23/2024,"17,419.33"
2/22/2024,"17,370.45"
2/21/2024,"17,118.12"
2/20/2024,"17,068.43"
2/19/2024,"17,092.26"
2/16/2024,"17,117.44"
2/15/2024,"17,046.69"
2/14/2024,"16,945.48"
2/13/2024,"16,880.83"
2/12/2024,"17,037.35"
2/9/2024,"16,926.50"
2/8/2024,"16,963.83"
2/7/2024,"16,921.96"
2/6/2024,"17,033.24"
2/5/2024,"16,904.06"
2/2/2024,"16,918.21"
2/1/2024,"16,859.04"
1/31/2024,"16,903.76"
1/30/2024,"16,972.34"
1/29/2024,"16,941.71"
1/26/2024,"16,961.39"
1/25/2024,"16,906.92"
1/24/2024,"16,889.92"
1/23/2024,"16,627.09"
1/22/2024,"16,683.36"
1/19/2024,"16,555.13"
1/18/2024,"16,567.35"
1/17/2024,"16,431.69"
1/16/2024,"16,571.68"
1/15/2024,"16,622.22"
1/12/2024,"16,704.56"
1/11/2024,"16,547.03"
1/10/2024,"16,689.81"
1/9/2024,"16,688.36"
1/8/2024,"16,716.47"
1/5/2024,"16,594.21"
1/4/2024,"16,617.29"
1/3/2024,"16,538.39"
1/2/2024,"16,769.36"
12/29/2023,"16,751.64"
12/28/2023,"16,701.55"
12/27/2023,"16,742.07"
12/22/2023,"16,706.18"
12/21/2023,"16,687.42"
12/20/2023,"16,733.05"
12/19/2023,"16,744.41"
12/18/2023,"16,650.55"
12/15/2023,"16,751.44"
12/14/2023,"16,752.23"
12/13/2023,"16,766.05"
12/12/2023,"16,791.74"
12/11/2023,"16,794.43"
12/8/2023,"16,759.22"
12/7/2023,"16,628.99"
12/6/2023,"16,656.44"
12/5/2023,"16,533.11"
12/4/2023,"16,404.76"
12/1/2023,"16,397.52"
11/30/2023,"16,215.43"
11/29/2023,"16,166.45"
11/28/2023,"15,992.67"
11/27/2023,"15,966.37"
11/24/2023,"16,029.49"
11/23/2023,"15,994.73"
11/22/2023,"15,957.82"
11/21/2023,"15,900.53"
11/20/2023,"15,901.33"
11/17/2023,"15,919.16"
11/16/2023,"15,786.61"
11/15/2023,"15,748.17"
11/14/2023,"15,614.43"
11/13/2023,"15,345.00"
11/10/2023,"15,234.39"
11/9/2023,"15,352.54"
11/8/2023,"15,229.60"
11/7/2023,"15,152.64"
11/6/2023,"15,135.97"
11/3/2023,"15,189.25"
11/2/2023,"15,143.60"
11/1/2023,"14,923.27"
10/31/2023,"14,810.34"
10/30/2023,"14,716.54"
10/27/2023,"14,687.41"
10/26/2023,"14,731.05"
10/25/2023,"14,892.18"
10/24/2023,"14,879.94"
10/23/2023,"14,800.72"
10/20/2023,"14,798.47"
10/19/2023,"15,045.23"
10/18/2023,"15,094.91"
10/17/2023,"15,251.69"
10/16/2023,"15,237.99"
10/13/2023,"15,186.66"
10/12/2023,"15,425.03"
10/11/2023,"15,460.01"
10/10/2023,"15,423.52"
10/9/2023,"15,128.11"
10/6/2023,"15,229.77"
10/5/2023,"15,070.22"
10/4/2023,"15,099.92"
10/3/2023,"15,085.21"
10/2/2023,"15,247.21"
9/29/2023,"15,386.58"
9/28/2023,"15,323.50"
9/27/2023,"15,217.45"
9/26/2023,"15,255.87"
9/25/2023,"15,405.49"
9/22/2023,"15,557.29"
9/21/2023,"15,571.86"
9/20/2023,"15,781.59"
9/19/2023,"15,664.48"
9/18/2023,"15,727.12"
9/15/2023,"15,893.53"
9/14/2023,"15,805.29"
9/13/2023,"15,654.03"
9/12/2023,"15,715.53"
9/11/2023,"15,800.99"
9/8/2023,"15,744.75"
9/7/2023,"15,718.66"
9/6/2023,"15,741.37"
9/5/2023,"15,771.71"
9/4/2023,"15,824.85"
9/1/2023,"15,840.34"
8/31/2023,"15,947.08"
8/30/2023,"15,891.93"
8/29/2023,"15,930.88"
8/28/2023,"15,792.61"
8/25/2023,"15,631.82"
8/24/2023,"15,621.49"
8/23/2023,"15,728.41"
8/22/2023,"15,705.62"
8/21/2023,"15,603.28"
8/18/2023,"15,574.26"
8/17/2023,"15,676.90"
8/16/2023,"15,789.45"
8/15/2023,"15,767.28"
8/14/2023,"15,904.25"
8/11/2023,"15,832.17"
8/10/2023,"15,996.52"
8/9/2023,"15,852.58"
8/8/2023,"15,774.93"
8/7/2023,"15,950.76"
8/4/2023,"15,951.86"
8/3/2023,"15,893.38"
8/2/2023,"16,020.02"
8/1/2023,"16,240.40"
7/31/2023,"16,446.83"
7/28/2023,"16,469.75"
7/27/2023,"16,406.03"
7/26/2023,"16,131.46"
7/25/2023,"16,211.59"
7/24/2023,"16,190.95"
7/21/2023,"16,177.22"
7/20/2023,"16,204.22"
7/19/2023,"16,108.93"
7/18/2023,"16,125.49"
7/17/2023,"16,068.65"
7/14/2023,"16,105.07"
7/13/2023,"16,141.03"
7/12/2023,"16,023.00"
7/11/2023,"15,790.34"
7/10/2023,"15,673.16"
7/7/2023,"15,603.40"
7/6/2023,"15,528.54"
7/5/2023,"15,937.58"
7/4/2023,"16,039.17"
7/3/2023,"16,081.04"
6/30/2023,"16,147.90"
6/29/2023,"15,946.72"
6/28/2023,"15,949.00"
6/27/2023,"15,846.86"
6/26/2023,"15,813.06"
6/23/2023,"15,829.94"
6/22/2023,"15,988.16"
6/21/2023,"16,023.13"
6/20/2023,"16,111.32"
6/19/2023,"16,201.20"
6/16/2023,"16,357.63"
6/15/2023,"16,290.12"
6/14/2023,"16,310.79"
6/13/2023,"16,230.68"
6/12/2023,"16,097.87"
6/9/2023,"15,949.84"
6/8/2023,"15,989.96"
6/7/2023,"15,960.56"
6/6/2023,"15,992.44"
6/5/2023,"15,963.89"
6/2/2023,"16,051.23"
6/1/2023,"15,853.66"
5/31/2023,"15,664.02"
5/30/2023,"15,908.91"
5/29/2023,"15,952.73"
5/26/2023,"15,983.97"
5/25/2023,"15,793.80"
5/24/2023,"15,842.13"
5/23/2023,"16,152.86"
5/22/2023,"16,223.99"
5/19/2023,"16,275.38"
5/18/2023,"16,163.36"
5/17/2023,"15,951.30"
5/16/2023,"15,897.93"
5/15/2023,"15,917.24"
5/12/2023,"15,913.82"
5/11/2023,"15,834.91"
5/10/2023,"15,896.23"
5/9/2023,"15,955.48"
5/8/2023,"15,952.83"
5/5/2023,"15,961.02"
5/4/2023,"15,734.24"
5/3/2023,"15,815.06"
5/2/2023,"15,726.94"
4/28/2023,"15,922.38"
4/27/2023,"15,800.45"
4/26/2023,"15,795.73"
4/25/2023,"15,872.13"
4/24/2023,"15,863.95"
4/21/2023,"15,881.66"
4/20/2023,"15,795.97"
4/19/2023,"15,895.20"
4/18/2023,"15,882.67"
4/17/2023,"15,789.53"
4/14/2023,"15,807.50"
4/13/2023,"15,729.46"
4/12/2023,"15,703.60"
4/11/2023,"15,655.17"
4/6/2023,"15,597.89"
4/5/2023,"15,520.17"
4/4/2023,"15,603.47"
4/3/2023,"15,580.92"
3/31/2023,"15,628.84"
3/30/2023,"15,522.40"
3/29/2023,"15,328.78"
3/28/2023,"15,142.02"
3/27/2023,"15,127.68"
3/24/2023,"14,957.23"
3/23/2023,"15,210.39"
3/22/2023,"15,216.19"
3/21/2023,"15,195.34"
3/20/2023,"14,933.38"
3/17/2023,"14,768.20"
3/16/2023,"14,967.10"
3/15/2023,"14,735.26"
3/14/2023,"15,232.83"
3/13/2023,"14,959.47"
3/10/2023,"15,427.97"
3/9/2023,"15,633.21"
3/8/2023,"15,631.87"
3/7/2023,"15,559.53"
3/6/2023,"15,653.58"
3/3/2023,"15,578.39"
3/2/2023,"15,327.64"
3/1/2023,"15,305.02"
2/28/2023,"15,365.14"
2/27/2023,"15,381.43"
2/24/2023,"15,209.74"
2/23/2023,"15,475.69"
2/22/2023,"15,399.89"
2/21/2023,"15,397.62"
2/20/2023,"15,477.55"
2/17/2023,"15,482.00"
2/16/2023,"15,533.64"
2/15/2023,"15,506.34"
2/14/2023,"15,380.56"
2/13/2023,"15,397.34"
2/10/2023,"15,307.98"
2/9/2023,"15,523.42"
2/8/2023,"15,412.05"
2/7/2023,"15,320.88"
2/6/2023,"15,345.91"
2/3/2023,"15,476.43"
2/2/2023,"15,509.19"
2/1/2023,"15,180.74"
1/31/2023,"15,128.27"
1/30/2023,"15,126.08"
1/27/2023,"15,150.03"
1/26/2023,"15,132.85"
1/25/2023,"15,081.64"
1/24/2023,"15,093.11"
1/23/2023,"15,102.95"
1/20/2023,"15,033.56"
1/19/2023,"14,920.36"
1/18/2023,"15,181.80"
1/17/2023,"15,187.07"
1/16/2023,"15,134.04"
1/13/2023,"15,086.52"
1/12/2023,"15,058.30"
1/11/2023,"14,947.91"
1/10/2023,"14,774.60"
1/9/2023,"14,792.83"
1/6/2023,"14,610.02"
1/5/2023,"14,436.31"
1/4/2023,"14,490.78"
1/3/2023,"14,181.67"
1/2/2023,"14,069.26"
12/30/2022,"13,923.59"
12/29/2022,"14,071.72"
12/28/2022,"13,925.60"
12/27/2022,"13,995.10"
12/23/2022,"13,940.93"
12/22/2022,"13,914.07"
12/21/2022,"14,097.82"
12/20/2022,"13,884.66"
12/19/2022,"13,942.87"
12/16/2022,"13,893.07"
12/15/2022,"13,986.23"
12/14/2022,"14,460.20"
12/13/2022,"14,497.89"
12/12/2022,"14,306.63"
12/9/2022,"14,370.72"
12/8/2022,"14,264.56"
12/7/2022,"14,261.19"
12/6/2022,"14,343.19"
12/5/2022,"14,447.61"
12/2/2022,"14,529.39"
12/1/2022,"14,490.30"
11/30/2022,"14,397.04"
11/29/2022,"14,355.45"
11/28/2022,"14,383.36"
11/25/2022,"14,541.38"
11/24/2022,"14,539.56"
11/23/2022,"14,427.59"
11/22/2022,"14,422.35"
11/21/2022,"14,379.93"
11/18/2022,"14,431.86"
11/17/2022,"14,266.38"
11/16/2022,"14,234.03"
11/15/2022,"14,378.51"
11/14/2022,"14,313.30"
11/11/2022,"14,224.86"
11/10/2022,"14,146.09"
11/9/2022,"13,666.32"
11/8/2022,"13,688.75"
11/7/2022,"13,533.52"
11/4/2022,"13,459.85"
11/3/2022,"13,130.19"
11/2/2022,"13,256.74"
11/1/2022,"13,338.74"
10/31/2022,"13,253.74"
10/28/2022,"13,243.33"
10/27/2022,"13,211.23"
10/26/2022,"13,195.81"
10/25/2022,"13,052.96"
10/24/2022,"12,931.45"
10/21/2022,"12,730.90"
10/20/2022,"12,767.41"
10/19/2022,"12,741.41"
10/18/2022,"12,765.61"
10/17/2022,"12,649.03"
10/14/2022,"12,437.81"
10/13/2022,"12,355.58"
10/12/2022,"12,172.26"
10/11/2022,"12,220.25"
10/10/2022,"12,272.94"
10/7/2022,"12,273.00"
10/6/2022,"12,470.78"
10/5/2022,"12,517.18"
10/4/2022,"12,670.48"
10/3/2022,"12,209.48"
9/30/2022,"12,114.36"
9/29/2022,"11,975.55"
9/28/2022,"12,183.28"
9/27/2022,"12,139.68"
9/26/2022,"12,227.92"
9/23/2022,"12,284.19"
9/22/2022,"12,531.63"
9/21/2022,"12,767.15"
9/20/2022,"12,670.83"
9/19/2022,"12,803.24"
9/16/2022,"12,741.26"
9/15/2022,"12,956.66"
9/14/2022,"13,028.00"
9/13/2022,"13,188.95"
9/12/2022,"13,402.27"
9/9/2022,"13,088.21"
9/8/2022,"12,904.32"
9/7/2022,"12,915.97"
9/6/2022,"12,871.44"
9/5/2022,"12,760.78"
9/2/2022,"13,050.27"
9/1/2022,"12,630.23"
8/31/2022,"12,834.96"
8/30/2022,"12,961.14"
8/29/2022,"12,892.99"
8/26/2022,"12,971.47"
8/25/2022,"13,271.96"
8/24/2022,"13,220.06"
8/23/2022,"13,194.23"
8/22/2022,"13,230.57"
8/19/2022,"13,544.52"
8/18/2022,"13,697.41"
8/17/2022,"13,626.71"
8/16/2022,"13,910.12"
8/15/2022,"13,816.61"
8/12/2022,"13,795.85"
8/11/2022,"13,694.51"
8/10/2022,"13,700.93"
8/9/2022,"13,534.97"
8/8/2022,"13,687.69"
8/5/2022,"13,573.93"
8/4/2022,"13,662.68"
8/3/2022,"13,587.56"
8/2/2022,"13,449.20"
8/1/2022,"13,479.63"
7/29/2022,"13,484.05"
7/28/2022,"13,282.11"
7/27/2022,"13,166.38"
7/26/2022,"13,096.93"
7/25/2022,"13,210.32"
7/22/2022,"13,253.68"
7/21/2022,"13,246.64"
7/20/2022,"13,281.98"
7/19/2022,"13,308.41"
7/18/2022,"12,959.81"
7/15/2022,"12,864.72"
7/14/2022,"12,519.66"
7/13/2022,"12,756.32"
7/12/2022,"12,905.48"
7/11/2022,"12,832.44"
7/8/2022,"13,015.23"
7/7/2022,"12,843.22"
7/6/2022,"12,594.52"
7/5/2022,"12,401.20"
7/4/2022,"12,773.38"
7/1/2022,"12,813.03"
6/30/2022,"12,783.77"
6/29/2022,"13,003.35"
6/28/2022,"13,231.82"
6/27/2022,"13,186.07"
6/24/2022,"13,118.13"
6/23/2022,"12,912.59"
6/22/2022,"13,144.28"
6/21/2022,"13,292.40"
6/20/2022,"13,265.60"
6/17/2022,"13,126.26"
6/16/2022,"13,038.49"
6/15/2022,"13,485.29"
6/14/2022,"13,304.39"
6/13/2022,"13,427.03"
6/10/2022,"13,761.83"
6/9/2022,"14,198.80"
6/8/2022,"14,445.99"
6/7/2022,"14,556.62"
6/6/2022,"14,653.81"
6/3/2022,"14,460.09"
6/2/2022,"14,485.17"
6/1/2022,"14,340.47"
5/31/2022,"14,388.35"
5/30/2022,"14,575.98"
5/27/2022,"14,462.19"
5/26/2022,"14,231.29"
5/25/2022,"14,007.93"
5/24/2022,"13,919.75"
5/23/2022,"14,175.40"
5/20/2022,"13,981.91"
5/19/2022,"13,882.30"
5/18/2022,"14,007.76"
5/17/2022,"14,185.94"
5/16/2022,"13,964.38"
5/13/2022,"14,027.93"
5/12/2022,"13,739.64"
5/11/2022,"13,828.64"
5/10/2022,"13,534.74"
5/9/2022,"13,380.67"
5/6/2022,"13,674.29"
5/5/2022,"13,902.52"
5/4/2022,"13,970.82"
5/3/2022,"14,039.47"
5/2/2022,"13,939.07"
4/29/2022,"14,097.88"
4/28/2022,"13,979.84"
4/27/2022,"13,793.94"
4/26/2022,"13,756.40"
4/25/2022,"13,924.17"
4/22/2022,"14,142.09"
4/21/2022,"14,502.41"
4/20/2022,"14,362.03"
4/19/2022,"14,153.46"
4/14/2022,"14,163.85"
4/13/2022,"14,076.44"
4/12/2022,"14,124.95"
4/11/2022,"14,192.78"
4/8/2022,"14,283.67"
4/7/2022,"14,078.15"
4/6/2022,"14,151.69"
4/5/2022,"14,424.36"
4/4/2022,"14,518.16"
4/1/2022,"14,446.48"
3/31/2022,"14,414.75"
3/30/2022,"14,606.05"
3/29/2022,"14,820.33"
3/28/2022,"14,417.37"
3/25/2022,"14,305.76"
3/24/2022,"14,273.79"
3/23/2022,"14,283.65"
3/22/2022,"14,473.20"
3/21/2022,"14,326.97"
3/18/2022,"14,413.09"
3/17/2022,"14,388.06"
3/16/2022,"14,440.74"
3/15/2022,"13,917.27"
3/14/2022,"13,929.11"
3/11/2022,"13,628.11"
3/10/2022,"13,442.10"
3/9/2022,"13,847.93"
3/8/2022,"12,831.51"
3/7/2022,"12,834.65"
3/4/2022,"13,094.54"
3/3/2022,"13,698.40"
3/2/2022,"14,000.11"
3/1/2022,"13,904.85"
2/28/2022,"14,461.02"
2/25/2022,"14,567.23"
2/24/2022,"14,052.10"
2/23/2022,"14,631.36"
2/22/2022,"14,693.00"
2/21/2022,"14,731.12"
2/18/2022,"15,042.51"
2/17/2022,"15,267.63"
2/16/2022,"15,370.30"
2/15/2022,"15,412.71"
2/14/2022,"15,113.97"
2/11/2022,"15,425.12"
2/10/2022,"15,490.44"
2/9/2022,"15,482.01"
2/8/2022,"15,242.38"
2/7/2022,"15,206.64"
2/4/2022,"15,099.56"
2/3/2022,"15,368.47"
2/2/2022,"15,613.77"
2/1/2022,"15,619.39"
1/31/2022,"15,471.20"
1/28/2022,"15,318.95"
1/27/2022,"15,524.27"
1/26/2022,"15,459.39"
1/25/2022,"15,123.87"
1/24/2022,"15,011.13"
1/21/2022,"15,603.88"
1/20/2022,"15,912.33"
1/19/2022,"15,809.72"
1/18/2022,"15,772.56"
1/17/2022,"15,933.72"
1/14/2022,"15,883.24"
1/13/2022,"16,031.59"
1/12/2022,"16,010.32"
1/11/2022,"15,941.81"
1/10/2022,"15,768.27"
1/7/2022,"15,947.74"
1/6/2022,"16,052.03"
1/5/2022,"16,271.75"
1/4/2022,"16,152.61"
1/3/2022,"16,020.73"
12/30/2021,"15,884.86"
12/29/2021,"15,852.25"
12/28/2021,"15,963.70"
12/27/2021,"15,835.25"
12/23/2021,"15,756.31"
12/22/2021,"15,593.47"
12/21/2021,"15,447.44"
12/20/2021,"15,239.67"
12/17/2021,"15,531.69"
12/16/2021,"15,636.40"
12/15/2021,"15,476.35"
12/14/2021,"15,453.56"
12/13/2021,"15,621.72"
12/10/2021,"15,623.31"
12/9/2021,"15,639.26"
12/8/2021,"15,687.09"
12/7/2021,"15,813.94"
12/6/2021,"15,380.79"
12/3/2021,"15,169.98"
12/2/2021,"15,263.11"
12/1/2021,"15,472.67"
11/30/2021,"15,100.13"
11/29/2021,"15,280.86"
11/26/2021,"15,257.04"
11/25/2021,"15,917.98"
11/24/2021,"15,878.39"
11/23/2021,"15,937.00"
11/22/2021,"16,115.69"
11/19/2021,"16,159.97"
11/18/2021,"16,221.73"
11/17/2021,"16,251.13"
11/16/2021,"16,247.86"
11/15/2021,"16,148.64"
11/12/2021,"16,094.07"
11/11/2021,"16,083.11"
11/10/2021,"16,067.83"
11/9/2021,"16,040.47"
11/8/2021,"16,046.52"
11/5/2021,"16,054.36"
11/4/2021,"16,029.65"
11/3/2021,"15,959.98"
11/2/2021,"15,954.45"
11/1/2021,"15,806.29"
10/29/2021,"15,688.77"
10/28/2021,"15,696.33"
10/27/2021,"15,705.81"
10/26/2021,"15,757.06"
10/25/2021,"15,599.23"
10/22/2021,"15,542.98"
10/21/2021,"15,472.56"
10/20/2021,"15,522.92"
10/19/2021,"15,515.83"
10/18/2021,"15,474.47"
10/15/2021,"15,587.36"
10/14/2021,"15,462.72"
10/13/2021,"15,249.38"
10/12/2021,"15,146.87"
10/11/2021,"15,199.14"
10/8/2021,"15,206.13"
10/7/2021,"15,250.86"
10/6/2021,"14,973.33"
10/5/2021,"15,194.49"
10/4/2021,"15,036.55"
10/1/2021,"15,156.44"
9/30/2021,"15,260.69"
9/29/2021,"15,365.27"
9/28/2021,"15,248.56"
9/27/2021,"15,573.88"
9/24/2021,"15,531.75"
9/23/2021,"15,643.97"
9/22/2021,"15,506.74"
9/21/2021,"15,348.53"
9/20/2021,"15,132.06"
9/17/2021,"15,490.17"
9/16/2021,"15,651.75"
9/15/2021,"15,616.00"
9/14/2021,"15,722.99"
9/13/2021,"15,701.42"
9/10/2021,"15,609.81"
9/9/2021,"15,623.15"
9/8/2021,"15,610.28"
9/7/2021,"15,843.09"
9/6/2021,"15,932.12"
9/3/2021,"15,781.20"
9/2/2021,"15,840.59"
9/1/2021,"15,824.29"
8/31/2021,"15,835.09"
8/30/2021,"15,887.31"
8/27/2021,"15,851.75"
8/26/2021,"15,793.62"
8/25/2021,"15,860.66"
8/24/2021,"15,905.85"
8/23/2021,"15,852.79"
8/20/2021,"15,808.04"
8/19/2021,"15,765.81"
8/18/2021,"15,965.97"
8/17/2021,"15,921.95"
8/16/2021,"15,925.73"
8/13/2021,"15,977.44"
8/12/2021,"15,937.51"
8/11/2021,"15,826.09"
8/10/2021,"15,770.71"
8/9/2021,"15,745.41"
8/6/2021,"15,761.45"
8/5/2021,"15,744.67"
8/4/2021,"15,692.13"
8/3/2021,"15,555.08"
8/2/2021,"15,568.73"
7/30/2021,"15,544.39"
7/29/2021,"15,640.47"
7/28/2021,"15,570.36"
7/27/2021,"15,519.13"
7/26/2021,"15,618.98"
7/23/2021,"15,669.29"
7/22/2021,"15,514.54"
7/21/2021,"15,422.50"
7/20/2021,"15,216.27"
7/19/2021,"15,133.20"
7/16/2021,"15,540.31"
7/15/2021,"15,629.66"
7/14/2021,"15,788.98"
7/13/2021,"15,789.64"
7/12/2021,"15,790.51"
7/9/2021,"15,687.93"
7/8/2021,"15,420.64"
7/7/2021,"15,692.71"
7/6/2021,"15,511.38"
7/5/2021,"15,661.97"
7/2/2021,"15,650.09"
7/1/2021,"15,603.81"
6/30/2021,"15,531.04"
6/29/2021,"15,690.59"
6/28/2021,"15,554.18"
6/25/2021,"15,607.97"
6/24/2021,"15,589.23"
6/23/2021,"15,456.39"
6/22/2021,"15,636.33"
6/21/2021,"15,603.24"
6/18/2021,"15,448.04"
6/17/2021,"15,727.67"
6/16/2021,"15,710.57"
6/15/2021,"15,729.52"
6/14/2021,"15,673.64"
6/11/2021,"15,693.27"
6/10/2021,"15,571.22"
6/9/2021,"15,581.14"
6/8/2021,"15,640.60"
6/7/2021,"15,677.15"
6/4/2021,"15,692.90"
6/3/2021,"15,632.67"
6/2/2021,"15,602.71"
6/1/2021,"15,567.36"
5/31/2021,"15,421.13"
5/28/2021,"15,519.98"
5/27/2021,"15,406.73"
5/26/2021,"15,450.72"
5/25/2021,"15,465.09"
5/21/2021,"15,437.51"
5/20/2021,"15,370.26"
5/19/2021,"15,113.56"
5/18/2021,"15,386.58"
5/17/2021,"15,396.62"
5/14/2021,"15,416.64"
5/13/2021,"15,199.68"
5/12/2021,"15,150.22"
5/11/2021,"15,119.75"
5/10/2021,"15,400.41"
5/7/2021,"15,399.65"
5/6/2021,"15,196.74"
5/5/2021,"15,170.78"
5/4/2021,"14,856.48"
5/3/2021,"15,236.47"
4/30/2021,"15,135.91"
4/29/2021,"15,154.20"
4/28/2021,"15,292.18"
4/27/2021,"15,249.27"
4/26/2021,"15,296.34"
4/23/2021,"15,279.62"
4/22/2021,"15,320.52"
4/21/2021,"15,195.97"
4/20/2021,"15,129.51"
4/19/2021,"15,368.39"
4/16/2021,"15,459.75"
4/15/2021,"15,255.33"
4/14/2021,"15,209.15"
4/13/2021,"15,234.36"
4/12/2021,"15,215.00"
4/9/2021,"15,234.16"
4/8/2021,"15,202.68"
4/7/2021,"15,176.36"
4/6/2021,"15,212.68"
4/1/2021,"15,107.17"
3/31/2021,"15,008.34"
3/30/2021,"15,008.61"
3/29/2021,"14,817.72"
3/26/2021,"14,748.94"
3/25/2021,"14,621.36"
3/24/2021,"14,610.39"
3/23/2021,"14,662.02"
3/22/2021,"14,657.21"
3/19/2021,"14,621.00"
3/18/2021,"14,775.52"
3/17/2021,"14,596.61"
3/16/2021,"14,557.58"
3/15/2021,"14,461.42"
3/12/2021,"14,502.39"
3/11/2021,"14,569.39"
3/10/2021,"14,540.25"
3/9/2021,"14,437.94"
3/8/2021,"14,380.91"
3/5/2021,"13,920.69"
3/4/2021,"14,056.34"
3/3/2021,"14,080.03"
3/2/2021,"14,039.80"
3/1/2021,"14,012.82"
2/26/2021,"13,786.29"
2/25/2021,"13,879.33"
2/24/2021,"13,976.00"
2/23/2021,"13,864.81"
2/22/2021,"13,950.04"
2/19/2021,"13,993.23"
2/18/2021,"13,886.93"
2/17/2021,"13,909.27"
2/16/2021,"14,064.60"
2/15/2021,"14,109.48"
2/12/2021,"14,049.89"
2/11/2021,"14,040.91"
2/10/2021,"13,932.97"
2/9/2021,"14,011.80"
2/8/2021,"14,059.91"
2/5/2021,"14,056.72"
2/4/2021,"14,060.29"
2/3/2021,"13,933.63"
2/2/2021,"13,835.16"
2/1/2021,"13,622.02"
1/29/2021,"13,432.87"
1/28/2021,"13,665.93"
1/27/2021,"13,620.46"
1/26/2021,"13,870.99"
1/25/2021,"13,643.95"
1/22/2021,"13,873.97"
1/21/2021,"13,906.67"
1/20/2021,"13,921.37"
1/19/2021,"13,815.06"
1/18/2021,"13,848.35"
1/15/2021,"13,787.73"
1/14/2021,"13,988.70"
1/13/2021,"13,939.71"
1/12/2021,"13,925.06"
1/11/2021,"13,936.66"
1/8/2021,"14,049.53"
1/7/2021,"13,968.24"
1/6/2021,"13,891.97"
1/5/2021,"13,651.22"
1/4/2021,"13,726.74"
12/30/2020,"13,718.78"
12/29/2020,"13,761.38"
12/28/2020,"13,790.29"
12/23/2020,"13,587.23"
12/22/2020,"13,418.11"
12/21/2020,"13,246.30"
12/18/2020,"13,630.51"
12/17/2020,"13,667.25"
12/16/2020,"13,565.98"
12/15/2020,"13,362.87"
12/14/2020,"13,223.16"
12/11/2020,"13,114.30"
12/10/2020,"13,295.73"
12/9/2020,"13,340.26"
12/8/2020,"13,278.49"
12/7/2020,"13,271.00"
12/4/2020,"13,298.96"
12/3/2020,"13,252.86"
12/2/2020,"13,313.24"
12/1/2020,"13,382.30"
11/30/2020,"13,291.16"
11/27/2020,"13,335.68"
11/26/2020,"13,286.57"
11/25/2020,"13,289.80"
11/24/2020,"13,292.44"
11/23/2020,"13,126.97"
11/20/2020,"13,137.25"
11/19/2020,"13,086.16"
11/18/2020,"13,201.89"
11/17/2020,"13,133.47"
11/16/2020,"13,138.61"
11/13/2020,"13,076.72"
11/12/2020,"13,052.95"
11/11/2020,"13,216.18"
11/10/2020,"13,163.11"
11/9/2020,"13,095.97"
11/6/2020,"12,480.02"
11/5/2020,"12,568.09"
11/4/2020,"12,324.22"
11/3/2020,"12,088.98"
11/2/2020,"11,788.28"
10/30/2020,"11,556.48"
10/29/2020,"11,598.07"
10/28/2020,"11,560.51"
10/27/2020,"12,063.57"
10/26/2020,"12,177.18"
10/23/2020,"12,645.75"
10/22/2020,"12,543.06"
10/21/2020,"12,557.64"
10/20/2020,"12,736.95"
10/19/2020,"12,854.66"
10/16/2020,"12,908.99"
10/15/2020,"12,703.75"
10/14/2020,"13,028.06"
10/13/2020,"13,018.99"
10/12/2020,"13,138.41"
10/9/2020,"13,051.23"
10/8/2020,"13,042.21"
10/7/2020,"12,928.57"
10/6/2020,"12,906.02"
10/5/2020,"12,828.31"
10/2/2020,"12,689.04"
10/1/2020,"12,730.77"
9/30/2020,"12,760.73"
9/29/2020,"12,825.82"
9/28/2020,"12,870.87"
9/25/2020,"12,469.20"
9/24/2020,"12,606.57"
9/23/2020,"12,642.97"
9/22/2020,"12,594.39"
9/21/2020,"12,542.44"
9/18/2020,"13,116.25"
9/17/2020,"13,208.12"
9/16/2020,"13,255.37"
9/15/2020,"13,217.67"
9/14/2020,"13,193.66"
9/11/2020,"13,202.84"
9/10/2020,"13,208.89"
9/9/2020,"13,237.21"
9/8/2020,"12,968.33"
9/7/2020,"13,100.28"
9/4/2020,"12,842.66"
9/3/2020,"13,057.77"
9/2/2020,"13,243.43"
9/1/2020,"12,974.25"
8/31/2020,"12,945.38"
8/28/2020,"13,033.20"
8/27/2020,"13,096.36"
8/26/2020,"13,190.15"
8/25/2020,"13,061.62"
8/24/2020,"13,066.54"
8/21/2020,"12,764.80"
8/20/2020,"12,830.00"
8/19/2020,"12,977.33"
8/18/2020,"12,881.76"
8/17/2020,"12,920.66"
8/14/2020,"12,901.34"
8/13/2020,"12,993.71"
8/12/2020,"13,058.63"
8/11/2020,"12,946.89"
8/10/2020,"12,687.53"
8/7/2020,"12,674.88"
8/6/2020,"12,591.68"
8/5/2020,"12,660.25"
8/4/2020,"12,600.87"
8/3/2020,"12,646.98"
7/31/2020,"12,313.36"
7/30/2020,"12,379.65"
7/29/2020,"12,822.26"
7/28/2020,"12,835.28"
7/27/2020,"12,838.66"
7/24/2020,"12,838.06"
7/23/2020,"13,103.39"
7/22/2020,"13,104.25"
7/21/2020,"13,171.83"
7/20/2020,"13,046.92"
7/17/2020,"12,919.61"
7/16/2020,"12,874.97"
7/15/2020,"12,930.98"
7/14/2020,"12,697.36"
7/13/2020,"12,799.97"
7/10/2020,"12,633.71"
7/9/2020,"12,489.46"
7/8/2020,"12,494.81"
7/7/2020,"12,616.80"
7/6/2020,"12,733.45"
7/3/2020,"12,528.18"
7/2/2020,"12,608.46"
7/1/2020,"12,260.57"
6/30/2020,"12,310.93"
6/29/2020,"12,232.12"
6/26/2020,"12,089.39"
6/25/2020,"12,177.87"
6/24/2020,"12,093.94"
6/23/2020,"12,523.76"
6/22/2020,"12,262.97"
6/19/2020,"12,330.76"
6/18/2020,"12,281.53"
6/17/2020,"12,382.14"
6/16/2020,"12,315.66"
6/15/2020,"11,911.35"
6/12/2020,"11,949.28"
6/11/2020,"11,970.29"
6/10/2020,"12,530.16"
6/9/2020,"12,617.99"
6/8/2020,"12,819.59"
6/5/2020,"12,847.68"
6/4/2020,"12,430.56"
6/3/2020,"12,487.36"
6/2/2020,"12,021.28"
5/29/2020,"11,586.85"
5/28/2020,"11,781.13"
5/27/2020,"11,657.69"
5/26/2020,"11,504.65"
5/25/2020,"11,391.28"
5/22/2020,"11,073.87"
5/21/2020,"11,065.93"
5/20/2020,"11,223.71"
5/19/2020,"11,075.29"
5/18/2020,"11,058.87"
5/15/2020,"10,465.17"
5/14/2020,"10,337.02"
5/13/2020,"10,542.66"
5/12/2020,"10,819.50"
5/11/2020,"10,824.99"
5/8/2020,"10,904.48"
5/7/2020,"10,759.27"
5/6/2020,"10,606.20"
5/5/2020,"10,729.46"
5/4/2020,"10,466.80"
4/30/2020,"10,861.64"
4/29/2020,"11,107.74"
4/28/2020,"10,795.63"
4/27/2020,"10,659.99"
4/24/2020,"10,336.09"
4/23/2020,"10,513.79"
4/22/2020,"10,415.03"
4/21/2020,"10,249.85"
4/20/2020,"10,675.90"
4/17/2020,"10,625.78"
4/16/2020,"10,301.54"
4/15/2020,"10,279.76"
4/14/2020,"10,696.56"
4/9/2020,"10,564.74"
4/8/2020,"10,332.89"
4/7/2020,"10,356.70"
4/6/2020,"10,075.17"
4/3/2020,"9,525.77"
4/2/2020,"9,570.82"
4/1/2020,"9,544.75"
3/31/2020,"9,935.84"
3/30/2020,"9,815.97"
3/27/2020,"9,632.52"
3/26/2020,"10,000.96"
3/25/2020,"9,874.26"
3/24/2020,"9,700.57"
3/23/2020,"8,741.15"
3/20/2020,"8,928.95"
3/19/2020,"8,610.43"
3/18/2020,"8,441.71"
3/17/2020,"8,939.10"
3/16/2020,"8,742.25"
3/13/2020,"9,232.08"
3/12/2020,"9,161.13"
3/11/2020,"10,438.68"
3/10/2020,"10,475.49"
3/9/2020,"10,625.02"
3/6/2020,"11,541.87"
3/5/2020,"11,944.72"
3/4/2020,"12,127.69"
3/3/2020,"11,985.39"
3/2/2020,"11,857.87"
2/28/2020,"11,890.35"
2/27/2020,"12,367.46"
2/26/2020,"12,774.88"
2/25/2020,"12,790.49"
2/24/2020,"13,035.24"
2/21/2020,"13,579.33"
2/20/2020,"13,664.00"
2/19/2020,"13,789.00"
2/18/2020,"13,681.19"
2/17/2020,"13,783.89"
2/14/2020,"13,744.21"
2/13/2020,"13,745.43"
2/12/2020,"13,749.78"
2/11/2020,"13,627.84"
2/10/2020,"13,494.03"
2/7/2020,"13,513.81"
2/6/2020,"13,574.82"
2/5/2020,"13,478.33"
2/4/2020,"13,281.74"
2/3/2020,"13,045.19"
1/31/2020,"12,981.97"
1/30/2020,"13,157.12"
1/29/2020,"13,345.00"
1/28/2020,"13,323.69"
1/27/2020,"13,204.77"
1/24/2020,"13,576.68"
1/23/2020,"13,388.42"
1/22/2020,"13,515.75"
1/21/2020,"13,555.87"
1/20/2020,"13,548.94"
1/17/2020,"13,526.13"
1/16/2020,"13,429.43"
1/15/2020,"13,432.30"
1/14/2020,"13,456.49"
1/13/2020,"13,451.52"
1/10/2020,"13,483.31"
1/9/2020,"13,495.06"
1/8/2020,"13,320.18"
1/7/2020,"13,226.83"
1/6/2020,"13,126.99"
1/3/2020,"13,219.14"
1/2/2020,"13,385.93"
12/30/2019,"13,249.01"
12/27/2019,"13,337.11"
12/23/2019,"13,300.98"
12/20/2019,"13,318.90"
12/19/2019,"13,211.96"
12/18/2019,"13,222.16"
12/17/2019,"13,287.83"
12/16/2019,"13,407.66"
12/13/2019,"13,282.72"
12/12/2019,"13,221.64"
12/11/2019,"13,146.74"
12/10/2019,"13,070.72"
12/9/2019,"13,105.61"
12/6/2019,"13,166.58"
12/5/2019,"13,054.80"
12/4/2019,"13,140.57"
12/3/2019,"12,989.29"
12/2/2019,"12,964.68"
11/29/2019,"13,236.38"
11/28/2019,"13,245.58"
11/27/2019,"13,287.07"
11/26/2019,"13,236.42"
11/25/2019,"13,246.45"
11/22/2019,"13,163.88"
11/21/2019,"13,137.70"
11/20/2019,"13,158.14"
11/19/2019,"13,221.12"
11/18/2019,"13,207.01"
11/15/2019,"13,241.75"
11/14/2019,"13,180.23"
11/13/2019,"13,230.07"
11/12/2019,"13,283.51"
11/11/2019,"13,198.37"
11/8/2019,"13,228.56"
11/7/2019,"13,289.46"
11/6/2019,"13,179.89"
11/5/2019,"13,148.50"
11/4/2019,"13,136.28"
11/1/2019,"12,961.05"
10/31/2019,"12,866.79"
10/30/2019,"12,910.23"
10/29/2019,"12,939.62"
10/28/2019,"12,941.71"
10/25/2019,"12,894.51"
10/24/2019,"12,872.10"
10/23/2019,"12,798.19"
10/22/2019,"12,754.69"
10/21/2019,"12,747.96"
10/18/2019,"12,633.60"
10/17/2019,"12,654.95"
10/16/2019,"12,670.11"
10/15/2019,"12,629.79"
10/14/2019,"12,486.56"
10/11/2019,"12,511.65"
10/10/2019,"12,164.20"
10/9/2019,"12,094.26"
10/8/2019,"11,970.20"
10/7/2019,"12,097.43"
10/4/2019,"12,012.81"
10/2/2019,"11,925.25"
10/1/2019,"12,263.83"
9/30/2019,"12,428.08"
9/27/2019,"12,380.94"
9/26/2019,"12,288.54"
9/25/2019,"12,234.18"
9/24/2019,"12,307.15"
9/23/2019,"12,342.33"
9/20/2019,"12,468.01"
9/19/2019,"12,457.70"
9/18/2019,"12,389.62"
9/17/2019,"12,372.61"
9/16/2019,"12,380.31"
9/13/2019,"12,468.53"
9/12/2019,"12,410.25"
9/11/2019,"12,359.07"
9/10/2019,"12,268.71"
9/9/2019,"12,226.10"
9/6/2019,"12,191.73"
9/5/2019,"12,126.78"
9/4/2019,"12,025.04"
9/3/2019,"11,910.86"
9/2/2019,"11,953.78"
8/30/2019,"11,939.28"
8/29/2019,"11,838.88"
8/28/2019,"11,701.02"
8/27/2019,"11,730.02"
8/26/2019,"11,658.04"
8/23/2019,"11,611.51"
8/22/2019,"11,747.04"
8/21/2019,"11,802.85"
8/20/2019,"11,651.18"
8/19/2019,"11,715.37"
8/16/2019,"11,562.74"
8/15/2019,"11,412.67"
8/14/2019,"11,492.66"
8/13/2019,"11,750.13"
8/12/2019,"11,679.68"
8/9/2019,"11,693.80"
8/8/2019,"11,845.41"
8/7/2019,"11,650.15"
8/6/2019,"11,567.96"
8/5/2019,"11,658.51"
8/2/2019,"11,872.44"
8/1/2019,"12,253.15"
7/31/2019,"12,189.04"
7/30/2019,"12,147.24"
7/29/2019,"12,417.47"
7/26/2019,"12,419.90"
7/25/2019,"12,362.10"
7/24/2019,"12,522.89"
7/23/2019,"12,490.74"
7/22/2019,"12,289.40"
7/19/2019,"12,260.07"
7/18/2019,"12,227.85"
7/17/2019,"12,341.03"
7/16/2019,"12,430.97"
7/15/2019,"12,387.34"
7/12/2019,"12,323.32"
7/11/2019,"12,332.12"
7/10/2019,"12,373.41"
7/9/2019,"12,436.55"
7/8/2019,"12,543.51"
7/5/2019,"12,568.53"
7/4/2019,"12,629.90"
7/3/2019,"12,616.24"
7/2/2019,"12,526.72"
7/1/2019,"12,521.38"
6/28/2019,"12,398.80"
6/27/2019,"12,271.03"
6/26/2019,"12,245.32"
6/25/2019,"12,228.44"
6/24/2019,"12,274.57"
6/21/2019,"12,339.92"
6/20/2019,"12,355.39"
6/19/2019,"12,308.53"
6/18/2019,"12,331.75"
6/17/2019,"12,085.82"
6/14/2019,"12,096.40"
6/13/2019,"12,169.05"
6/12/2019,"12,115.68"
6/11/2019,"12,155.81"
6/7/2019,"12,045.38"
6/6/2019,"11,953.14"
6/5/2019,"11,980.81"
6/4/2019,"11,971.17"
6/3/2019,"11,792.81"
5/31/2019,"11,726.84"
5/30/2019,"11,902.08"
5/29/2019,"11,837.81"
5/28/2019,"12,027.05"
5/27/2019,"12,071.18"
5/24/2019,"12,011.04"
5/23/2019,"11,952.41"
5/22/2019,"12,168.74"
5/21/2019,"12,143.47"
5/20/2019,"12,041.29"
5/17/2019,"12,238.94"
5/16/2019,"12,310.37"
5/15/2019,"12,099.57"
5/14/2019,"11,991.62"
5/13/2019,"11,876.65"
5/10/2019,"12,059.83"
5/9/2019,"11,973.92"
5/8/2019,"12,179.93"
5/7/2019,"12,092.74"
5/6/2019,"12,286.88"
5/3/2019,"12,412.75"
5/2/2019,"12,345.42"
4/30/2019,"12,344.08"
4/29/2019,"12,328.02"
4/26/2019,"12,315.18"
4/25/2019,"12,282.60"
4/24/2019,"12,313.16"
4/23/2019,"12,235.51"
4/18/2019,"12,222.39"
4/17/2019,"12,153.07"
4/16/2019,"12,101.32"
4/15/2019,"12,020.28"
4/12/2019,"11,999.93"
4/11/2019,"11,935.20"
4/10/2019,"11,905.91"
4/9/2019,"11,850.57"
4/8/2019,"11,963.40"
4/5/2019,"12,009.75"
4/4/2019,"11,988.01"
4/3/2019,"11,954.40"
4/2/2019,"11,754.79"
4/1/2019,"11,681.99"
3/29/2019,"11,526.04"
3/28/2019,"11,428.16"
3/27/2019,"11,419.04"
3/26/2019,"11,419.48"
3/25/2019,"11,346.65"
3/22/2019,"11,364.17"
3/21/2019,"11,549.96"
3/20/2019,"11,603.89"
3/19/2019,"11,788.41"
3/18/2019,"11,657.06"
3/15/2019,"11,685.69"
3/14/2019,"11,587.47"
3/13/2019,"11,572.41"
3/12/2019,"11,524.17"
3/11/2019,"11,543.48"
3/8/2019,"11,457.84"
3/7/2019,"11,517.80"
3/6/2019,"11,587.63"
3/5/2019,"11,620.74"
3/4/2019,"11,592.66"
3/1/2019,"11,601.68"
2/28/2019,"11,515.64"
2/27/2019,"11,487.33"
2/26/2019,"11,540.79"
2/25/2019,"11,505.39"
2/22/2019,"11,457.70"
2/21/2019,"11,423.28"
2/20/2019,"11,401.97"
2/19/2019,"11,309.21"
2/18/2019,"11,299.20"
2/15/2019,"11,299.80"
2/14/2019,"11,089.79"
2/13/2019,"11,167.22"
2/12/2019,"11,126.08"
2/11/2019,"11,014.59"
2/8/2019,"10,906.78"
2/7/2019,"11,022.02"
2/6/2019,"11,324.72"
2/5/2019,"11,367.98"
2/4/2019,"11,176.58"
2/1/2019,"11,180.66"
1/31/2019,"11,173.10"
1/30/2019,"11,181.66"
1/29/2019,"11,218.83"
1/28/2019,"11,210.31"
1/25/2019,"11,281.79"
1/24/2019,"11,130.18"
1/23/2019,"11,071.54"
1/22/2019,"11,090.11"
1/21/2019,"11,136.20"
1/18/2019,"11,205.54"
1/17/2019,"10,918.62"
1/16/2019,"10,931.24"
1/15/2019,"10,891.79"
1/14/2019,"10,855.91"
1/11/2019,"10,887.46"
1/10/2019,"10,921.59"
1/9/2019,"10,893.32"
1/8/2019,"10,803.98"
1/7/2019,"10,747.81"
1/4/2019,"10,767.69"
1/3/2019,"10,416.66"
1/2/2019,"10,580.19"
12/28/2018,"10,558.96"
12/27/2018,"10,381.51"
12/21/2018,"10,633.82"
12/20/2018,"10,611.10"
12/19/2018,"10,766.21"
12/18/2018,"10,740.89"
12/17/2018,"10,772.20"
12/14/2018,"10,865.77"
12/13/2018,"10,924.70"
12/12/2018,"10,929.43"
12/11/2018,"10,780.51"
12/10/2018,"10,622.07"
12/7/2018,"10,788.09"
12/6/2018,"10,810.98"
12/5/2018,"11,200.24"
12/4/2018,"11,335.32"
12/3/2018,"11,465.46"
11/30/2018,"11,257.24"
11/29/2018,"11,298.23"
11/28/2018,"11,298.88"
11/27/2018,"11,309.11"
11/26/2018,"11,354.72"
11/23/2018,"11,192.69"
11/22/2018,"11,138.49"
11/21/2018,"11,244.17"
11/20/2018,"11,066.41"
11/19/2018,"11,244.54"
11/16/2018,"11,341.00"
11/15/2018,"11,353.67"
11/14/2018,"11,412.53"
11/13/2018,"11,472.22"
11/12/2018,"11,325.44"
11/9/2018,"11,529.16"
11/8/2018,"11,527.32"
11/7/2018,"11,579.10"
11/6/2018,"11,484.34"
11/5/2018,"11,494.96"
11/2/2018,"11,518.99"
11/1/2018,"11,468.54"
10/31/2018,"11,447.51"
10/30/2018,"11,287.39"
10/29/2018,"11,335.48"
10/26/2018,"11,200.62"
10/25/2018,"11,307.12"
10/24/2018,"11,191.63"
10/23/2018,"11,274.28"
10/22/2018,"11,524.34"
10/19/2018,"11,553.83"
10/18/2018,"11,589.21"
10/17/2018,"11,715.03"
10/16/2018,"11,776.55"
10/15/2018,"11,614.16"
10/12/2018,"11,523.81"
10/11/2018,"11,539.35"
10/10/2018,"11,712.50"
10/9/2018,"11,977.22"
10/8/2018,"11,947.16"
10/5/2018,"12,111.90"
10/4/2018,"12,244.14"
10/2/2018,"12,287.58"
10/1/2018,"12,339.03"
9/28/2018,"12,246.73"
9/27/2018,"12,435.59"
9/26/2018,"12,385.89"
9/25/2018,"12,374.66"
9/24/2018,"12,350.82"
9/21/2018,"12,430.88"
9/20/2018,"12,326.48"
9/19/2018,"12,219.02"
9/18/2018,"12,157.67"
9/17/2018,"12,096.41"
9/14/2018,"12,124.33"
9/13/2018,"12,055.55"
9/12/2018,"12,032.30"
9/11/2018,"11,970.27"
9/10/2018,"11,986.34"
9/7/2018,"11,959.63"
9/6/2018,"11,955.25"
9/5/2018,"12,040.46"
9/4/2018,"12,210.21"
9/3/2018,"12,346.41"
8/31/2018,"12,364.06"
8/30/2018,"12,494.24"
8/29/2018,"12,561.68"
8/28/2018,"12,527.42"
8/27/2018,"12,538.31"
8/24/2018,"12,394.52"
8/23/2018,"12,365.58"
8/22/2018,"12,385.70"
8/21/2018,"12,384.49"
8/20/2018,"12,331.30"
8/17/2018,"12,210.55"
8/16/2018,"12,237.17"
8/15/2018,"12,163.01"
8/14/2018,"12,358.87"
8/13/2018,"12,358.74"
8/10/2018,"12,424.35"
8/9/2018,"12,676.11"
8/8/2018,"12,633.54"
8/7/2018,"12,648.19"
8/6/2018,"12,598.21"
8/3/2018,"12,615.76"
8/2/2018,"12,546.33"
8/1/2018,"12,737.05"
7/31/2018,"12,805.50"
7/30/2018,"12,798.20"
7/27/2018,"12,860.40"
7/26/2018,"12,809.23"
7/25/2018,"12,579.33"
7/24/2018,"12,689.39"
7/23/2018,"12,548.57"
7/20/2018,"12,561.42"
7/19/2018,"12,686.29"
7/18/2018,"12,765.94"
7/17/2018,"12,661.54"
7/16/2018,"12,561.02"
7/13/2018,"12,540.73"
7/12/2018,"12,492.97"
7/11/2018,"12,417.13"
7/10/2018,"12,609.85"
7/9/2018,"12,543.89"
7/6/2018,"12,496.17"
7/5/2018,"12,464.29"
7/4/2018,"12,317.61"
7/3/2018,"12,349.14"
7/2/2018,"12,238.17"
6/29/2018,"12,306.00"
6/28/2018,"12,177.23"
6/27/2018,"12,348.61"
6/26/2018,"12,234.34"
6/25/2018,"12,270.33"
6/22/2018,"12,579.72"
6/21/2018,"12,511.91"
6/20/2018,"12,695.16"
6/19/2018,"12,677.97"
6/18/2018,"12,834.11"
6/15/2018,"13,010.55"
6/14/2018,"13,107.10"
6/13/2018,"12,890.58"
6/12/2018,"12,842.30"
6/11/2018,"12,842.91"
6/8/2018,"12,766.55"
6/7/2018,"12,811.05"
6/6/2018,"12,830.07"
6/5/2018,"12,787.13"
6/4/2018,"12,770.75"
6/1/2018,"12,724.27"
5/31/2018,"12,604.89"
5/30/2018,"12,783.76"
5/29/2018,"12,666.51"
5/28/2018,"12,863.46"
5/25/2018,"12,938.01"
5/24/2018,"12,855.09"
5/23/2018,"12,976.84"
5/22/2018,"13,169.92"
5/18/2018,"13,077.72"
5/17/2018,"13,114.61"
5/16/2018,"12,996.33"
5/15/2018,"12,970.04"
5/14/2018,"12,977.71"
5/11/2018,"13,001.24"
5/10/2018,"13,022.87"
5/9/2018,"12,943.06"
5/8/2018,"12,912.21"
5/7/2018,"12,948.14"
5/4/2018,"12,819.60"
5/3/2018,"12,690.15"
5/2/2018,"12,802.25"
4/30/2018,"12,612.11"
4/27/2018,"12,580.87"
4/26/2018,"12,500.47"
4/25/2018,"12,422.30"
4/24/2018,"12,550.82"
4/23/2018,"12,572.39"
4/20/2018,"12,540.50"
4/19/2018,"12,567.42"
4/18/2018,"12,590.83"
4/17/2018,"12,585.57"
4/16/2018,"12,391.41"
4/13/2018,"12,442.40"
4/12/2018,"12,415.01"
4/11/2018,"12,293.97"
4/10/2018,"12,397.32"
4/9/2018,"12,261.75"
4/6/2018,"12,241.27"
4/5/2018,"12,305.19"
4/4/2018,"11,957.90"
4/3/2018,"12,002.45"
3/29/2018,"12,096.73"
3/28/2018,"11,940.71"
3/27/2018,"11,970.83"
3/26/2018,"11,787.26"
3/23/2018,"11,886.31"
3/22/2018,"12,100.08"
3/21/2018,"12,309.15"
3/20/2018,"12,307.33"
3/19/2018,"12,217.02"
3/16/2018,"12,389.58"
3/15/2018,"12,345.56"
3/14/2018,"12,237.74"
3/13/2018,"12,221.03"
3/12/2018,"12,418.39"
3/9/2018,"12,346.68"
3/8/2018,"12,355.57"
3/7/2018,"12,245.36"
3/6/2018,"12,113.87"
3/5/2018,"12,090.87"
3/2/2018,"11,913.71"
3/1/2018,"12,190.94"
2/28/2018,"12,435.85"
2/27/2018,"12,490.73"
2/26/2018,"12,527.04"
2/23/2018,"12,483.79"
2/22/2018,"12,461.91"
2/21/2018,"12,470.49"
2/20/2018,"12,487.90"
2/19/2018,"12,385.60"
2/16/2018,"12,451.96"
2/15/2018,"12,346.17"
2/14/2018,"12,339.16"
2/13/2018,"12,196.50"
2/12/2018,"12,282.77"
2/9/2018,"12,107.48"
2/8/2018,"12,260.29"
2/7/2018,"12,590.43"
2/6/2018,"12,392.66"
2/5/2018,"12,687.49"
2/2/2018,"12,785.16"
2/1/2018,"13,003.90"
1/31/2018,"13,189.48"
1/30/2018,"13,197.71"
1/29/2018,"13,324.48"
1/26/2018,"13,340.17"
1/25/2018,"13,298.36"
1/24/2018,"13,414.74"
1/23/2018,"13,559.60"
1/22/2018,"13,463.69"
1/19/2018,"13,434.45"
1/18/2018,"13,281.43"
1/17/2018,"13,183.96"
1/16/2018,"13,246.33"
1/15/2018,"13,200.51"
1/12/2018,"13,245.03"
1/11/2018,"13,202.90"
1/10/2018,"13,281.34"
1/9/2018,"13,385.59"
1/8/2018,"13,367.78"
1/5/2018,"13,319.64"
1/4/2018,"13,167.89"
1/3/2018,"12,978.21"
1/2/2018,"12,871.39"
12/29/2017,"12,917.64"
12/28/2017,"12,979.94"
12/27/2017,"13,070.02"
12/22/2017,"13,072.79"
12/21/2017,"13,109.74"
12/20/2017,"13,069.17"
12/19/2017,"13,215.79"
12/18/2017,"13,312.30"
12/15/2017,"13,103.56"
12/14/2017,"13,068.08"
12/13/2017,"13,125.64"
12/12/2017,"13,183.53"
12/11/2017,"13,123.65"
12/8/2017,"13,153.70"
12/7/2017,"13,045.15"
12/6/2017,"12,998.85"
12/5/2017,"13,048.54"
12/4/2017,"13,058.55"
12/1/2017,"12,861.49"
11/30/2017,"13,023.98"
11/29/2017,"13,061.87"
11/28/2017,"13,059.53"
11/27/2017,"13,000.20"
11/24/2017,"13,059.84"
11/23/2017,"13,008.55"
11/22/2017,"13,015.04"
11/21/2017,"13,167.54"
11/20/2017,"13,058.66"
11/17/2017,"12,993.73"
11/16/2017,"13,047.22"
11/15/2017,"12,976.37"
11/14/2017,"13,033.48"
11/13/2017,"13,074.42"
11/10/2017,"13,127.47"
11/9/2017,"13,182.56"
11/8/2017,"13,382.42"
11/7/2017,"13,379.27"
11/6/2017,"13,468.79"
11/3/2017,"13,478.86"
11/2/2017,"13,440.93"
11/1/2017,"13,465.51"
10/30/2017,"13,229.57"
10/27/2017,"13,217.54"
10/26/2017,"13,133.28"
10/25/2017,"12,953.41"
10/24/2017,"13,013.19"
10/23/2017,"13,003.14"
10/20/2017,"12,991.28"
10/19/2017,"12,990.10"
10/18/2017,"13,043.03"
10/17/2017,"12,995.06"
10/16/2017,"13,003.70"
10/13/2017,"12,991.87"
10/12/2017,"12,982.89"
10/11/2017,"12,970.68"
10/10/2017,"12,949.25"
10/9/2017,"12,976.40"
10/6/2017,"12,955.94"
10/5/2017,"12,968.05"
10/4/2017,"12,970.52"
10/2/2017,"12,902.65"
9/29/2017,"12,828.86"
9/28/2017,"12,704.65"
9/27/2017,"12,657.41"
9/26/2017,"12,605.20"
9/25/2017,"12,594.81"
9/22/2017,"12,592.35"
9/21/2017,"12,600.03"
9/20/2017,"12,569.17"
9/19/2017,"12,561.79"
9/18/2017,"12,559.39"
9/15/2017,"12,518.81"
9/14/2017,"12,540.45"
9/13/2017,"12,553.57"
9/12/2017,"12,524.77"
9/11/2017,"12,475.24"
9/8/2017,"12,303.98"
9/7/2017,"12,296.63"
9/6/2017,"12,214.54"
9/5/2017,"12,123.71"
9/4/2017,"12,102.21"
9/1/2017,"12,142.64"
8/31/2017,"12,055.84"
8/30/2017,"12,002.47"
8/29/2017,"11,945.88"
8/28/2017,"12,123.47"
8/25/2017,"12,167.94"
8/24/2017,"12,180.83"
8/23/2017,"12,174.30"
8/22/2017,"12,229.34"
8/21/2017,"12,065.99"
8/18/2017,"12,165.19"
8/17/2017,"12,203.46"
8/16/2017,"12,263.86"
8/15/2017,"12,177.04"
8/14/2017,"12,165.12"
8/11/2017,"12,014.06"
8/10/2017,"12,014.30"
8/9/2017,"12,154.00"
8/8/2017,"12,292.05"
8/7/2017,"12,257.17"
8/4/2017,"12,297.72"
8/3/2017,"12,154.72"
8/2/2017,"12,181.48"
8/1/2017,"12,251.29"
7/31/2017,"12,118.25"
7/28/2017,"12,162.70"
7/27/2017,"12,212.04"
7/26/2017,"12,305.11"
7/25/2017,"12,264.31"
7/24/2017,"12,208.95"
7/21/2017,"12,240.06"
7/20/2017,"12,447.25"
7/19/2017,"12,452.05"
7/18/2017,"12,430.39"
7/17/2017,"12,587.16"
7/14/2017,"12,631.72"
7/13/2017,"12,641.33"
7/12/2017,"12,626.58"
7/11/2017,"12,437.02"
7/10/2017,"12,445.92"
7/7/2017,"12,388.68"
7/6/2017,"12,381.25"
7/5/2017,"12,453.68"
7/4/2017,"12,437.13"
7/3/2017,"12,475.31"
6/30/2017,"12,325.12"
6/29/2017,"12,416.19"
6/28/2017,"12,647.27"
6/27/2017,"12,671.02"
6/26/2017,"12,770.83"
6/23/2017,"12,733.41"
6/22/2017,"12,794.00"
6/21/2017,"12,774.26"
6/20/2017,"12,814.79"
6/19/2017,"12,888.95"
6/16/2017,"12,752.73"
6/15/2017,"12,691.81"
6/14/2017,"12,805.95"
6/13/2017,"12,764.98"
6/12/2017,"12,690.44"
6/9/2017,"12,815.72"
6/8/2017,"12,713.58"
6/7/2017,"12,672.49"
6/6/2017,"12,690.12"
6/2/2017,"12,822.94"
6/1/2017,"12,664.92"
5/31/2017,"12,615.06"
5/30/2017,"12,598.68"
5/29/2017,"12,628.95"
5/26/2017,"12,602.18"
5/25/2017,"12,621.72"
5/24/2017,"12,642.87"
5/23/2017,"12,659.15"
5/22/2017,"12,619.46"
5/19/2017,"12,638.69"
5/18/2017,"12,590.06"
5/17/2017,"12,631.61"
5/16/2017,"12,804.53"
5/15/2017,"12,807.04"
5/12/2017,"12,770.41"
5/11/2017,"12,711.06"
5/10/2017,"12,757.46"
5/9/2017,"12,749.12"
5/8/2017,"12,694.55"
5/5/2017,"12,716.89"
5/4/2017,"12,647.78"
5/3/2017,"12,527.84"
5/2/2017,"12,507.90"
4/28/2017,"12,438.01"
4/27/2017,"12,443.79"
4/26/2017,"12,472.80"
4/25/2017,"12,467.04"
4/24/2017,"12,454.98"
4/21/2017,"12,048.57"
4/20/2017,"12,027.32"
4/19/2017,"12,016.45"
4/18/2017,"12,000.44"
4/13/2017,"12,109.00"
4/12/2017,"12,154.70"
4/11/2017,"12,139.35"
4/10/2017,"12,200.52"
4/7/2017,"12,225.06"
4/6/2017,"12,230.89"
4/5/2017,"12,217.54"
4/4/2017,"12,282.34"
4/3/2017,"12,257.20"
3/31/2017,"12,312.87"
3/30/2017,"12,256.43"
3/29/2017,"12,203.00"
3/28/2017,"12,149.42"
3/27/2017,"11,996.07"
3/24/2017,"12,064.27"
3/23/2017,"12,039.68"
3/22/2017,"11,904.12"
3/21/2017,"11,962.13"
3/20/2017,"12,052.90"
3/17/2017,"12,095.24"
3/16/2017,"12,083.18"
3/15/2017,"12,009.87"
3/14/2017,"11,988.79"
3/13/2017,"11,990.03"
3/10/2017,"11,963.18"
3/9/2017,"11,978.39"
3/8/2017,"11,967.31"
3/7/2017,"11,966.14"
3/6/2017,"11,958.40"
3/3/2017,"12,027.36"
3/2/2017,"12,059.57"
3/1/2017,"12,067.19"
2/28/2017,"11,834.41"
2/27/2017,"11,822.67"
2/24/2017,"11,804.03"
2/23/2017,"11,947.83"
2/22/2017,"11,998.59"
2/21/2017,"11,967.49"
2/20/2017,"11,827.62"
2/17/2017,"11,757.02"
2/16/2017,"11,757.24"
2/15/2017,"11,793.93"
2/14/2017,"11,771.81"
2/13/2017,"11,774.43"
2/10/2017,"11,666.97"
2/9/2017,"11,642.86"
2/8/2017,"11,543.38"
2/7/2017,"11,549.44"
2/6/2017,"11,509.84"
2/3/2017,"11,651.49"
2/2/2017,"11,627.95"
2/1/2017,"11,659.50"
1/31/2017,"11,535.31"
1/30/2017,"11,681.89"
1/27/2017,"11,814.27"
1/26/2017,"11,848.63"
1/25/2017,"11,806.05"
1/24/2017,"11,594.94"
1/23/2017,"11,545.75"
1/20/2017,"11,630.13"
1/19/2017,"11,596.89"
1/18/2017,"11,599.39"
1/17/2017,"11,540.00"
1/16/2017,"11,554.71"
1/13/2017,"11,629.18"
1/12/2017,"11,521.04"
1/11/2017,"11,646.17"
1/10/2017,"11,583.30"
1/9/2017,"11,563.99"
1/6/2017,"11,599.01"
1/5/2017,"11,584.94"
1/4/2017,"11,584.31"
1/3/2017,"11,584.24"
1/2/2017,"11,598.33"
12/30/2016,"11,481.06"
12/29/2016,"11,451.05"
12/28/2016,"11,474.99"
12/27/2016,"11,472.24"
12/23/2016,"11,449.93"
12/22/2016,"11,456.10"
12/21/2016,"11,468.64"
12/20/2016,"11,464.74"
12/19/2016,"11,426.70"
12/16/2016,"11,404.01"
12/15/2016,"11,366.40"
12/14/2016,"11,244.84"
12/13/2016,"11,284.65"
12/12/2016,"11,190.21"
12/9/2016,"11,203.63"
12/8/2016,"11,179.42"
12/7/2016,"10,986.69"
12/6/2016,"10,775.32"
12/5/2016,"10,684.83"
12/2/2016,"10,513.35"
12/1/2016,"10,534.05"
11/30/2016,"10,640.30"
11/29/2016,"10,620.49"
11/28/2016,"10,582.67"
11/25/2016,"10,699.27"
11/24/2016,"10,689.26"
11/23/2016,"10,662.44"
11/22/2016,"10,713.85"
11/21/2016,"10,685.13"
11/18/2016,"10,664.56"
11/17/2016,"10,685.54"
11/16/2016,"10,663.87"
11/15/2016,"10,735.14"
11/14/2016,"10,693.69"
11/11/2016,"10,667.95"
11/10/2016,"10,630.12"
11/9/2016,"10,646.01"
11/8/2016,"10,482.32"
11/7/2016,"10,456.95"
11/4/2016,"10,259.13"
11/3/2016,"10,325.88"
11/2/2016,"10,370.93"
11/1/2016,"10,526.16"
10/31/2016,"10,665.01"
10/28/2016,"10,696.19"
10/27/2016,"10,717.08"
10/26/2016,"10,709.68"
10/25/2016,"10,757.31"
10/24/2016,"10,761.17"
10/21/2016,"10,710.73"
10/20/2016,"10,701.39"
10/19/2016,"10,645.68"
10/18/2016,"10,631.55"
10/17/2016,"10,503.57"
10/14/2016,"10,580.38"
10/13/2016,"10,414.07"
10/12/2016,"10,523.07"
10/11/2016,"10,577.16"
10/10/2016,"10,624.08"
10/7/2016,"10,490.86"
10/6/2016,"10,568.80"
10/5/2016,"10,585.78"
10/4/2016,"10,619.61"
9/30/2016,"10,511.02"
9/29/2016,"10,405.54"
9/28/2016,"10,438.34"
9/27/2016,"10,361.48"
9/26/2016,"10,393.71"
9/23/2016,"10,626.97"
9/22/2016,"10,674.18"
9/21/2016,"10,436.49"
9/20/2016,"10,393.86"
9/19/2016,"10,373.87"
9/16/2016,"10,276.17"
9/15/2016,"10,431.20"
9/14/2016,"10,378.40"
9/13/2016,"10,386.60"
9/12/2016,"10,431.77"
9/9/2016,"10,573.44"
9/8/2016,"10,675.29"
9/7/2016,"10,752.98"
9/6/2016,"10,687.14"
9/5/2016,"10,672.22"
9/2/2016,"10,683.82"
9/1/2016,"10,534.31"
8/31/2016,"10,592.69"
8/30/2016,"10,657.64"
8/29/2016,"10,544.44"
8/26/2016,"10,587.77"
8/25/2016,"10,529.59"
8/24/2016,"10,622.97"
8/23/2016,"10,592.88"
8/22/2016,"10,494.35"
8/19/2016,"10,544.36"
8/18/2016,"10,603.03"
8/17/2016,"10,537.67"
8/16/2016,"10,676.65"
8/15/2016,"10,739.21"
8/12/2016,"10,713.43"
8/11/2016,"10,742.84"
8/10/2016,"10,650.89"
8/9/2016,"10,692.90"
8/8/2016,"10,432.36"
8/5/2016,"10,367.21"
8/4/2016,"10,227.86"
8/3/2016,"10,170.21"
8/2/2016,"10,144.34"
8/1/2016,"10,330.52"
7/29/2016,"10,337.50"
7/28/2016,"10,274.93"
7/27/2016,"10,319.55"
7/26/2016,"10,247.76"
7/25/2016,"10,198.24"
7/22/2016,"10,147.46"
7/21/2016,"10,156.21"
7/20/2016,"10,142.01"
7/19/2016,"9,981.24"
7/18/2016,"10,063.13"
7/15/2016,"10,066.90"
7/14/2016,"10,068.30"
7/13/2016,"9,930.71"
7/12/2016,"9,964.07"
7/11/2016,"9,833.41"
7/8/2016,"9,629.66"
7/7/2016,"9,418.78"
7/6/2016,"9,373.26"
7/5/2016,"9,532.61"
7/4/2016,"9,709.09"
7/1/2016,"9,776.12"
6/30/2016,"9,680.09"
6/29/2016,"9,612.27"
6/28/2016,"9,447.28"
6/27/2016,"9,268.66"
6/24/2016,"9,557.16"
6/23/2016,"10,257.03"
6/22/2016,"10,071.06"
6/21/2016,"10,015.54"
6/20/2016,"9,962.02"
6/17/2016,"9,631.36"
6/16/2016,"9,550.47"
6/15/2016,"9,606.71"
6/14/2016,"9,519.20"
6/13/2016,"9,657.44"
6/10/2016,"9,834.62"
6/9/2016,"10,088.87"
6/8/2016,"10,217.03"
6/7/2016,"10,287.68"
6/6/2016,"10,121.08"
6/3/2016,"10,103.26"
6/2/2016,"10,208.00"
6/1/2016,"10,204.44"
5/31/2016,"10,262.74"
5/30/2016,"10,333.23"
5/27/2016,"10,286.31"
5/26/2016,"10,272.71"
5/25/2016,"10,205.21"
5/24/2016,"10,057.31"
5/23/2016,"9,842.29"
5/20/2016,"9,916.02"
5/19/2016,"9,795.89"
5/18/2016,"9,943.23"
5/17/2016,"9,890.19"
5/13/2016,"9,952.90"
5/12/2016,"9,862.12"
5/11/2016,"9,975.32"
5/10/2016,"10,045.44"
5/9/2016,"9,980.49"
5/6/2016,"9,869.95"
5/5/2016,"9,851.86"
5/4/2016,"9,828.25"
5/3/2016,"9,926.77"
5/2/2016,"10,123.27"
4/29/2016,"10,038.97"
4/28/2016,"10,321.15"
4/27/2016,"10,299.83"
4/26/2016,"10,259.59"
4/25/2016,"10,294.35"
4/22/2016,"10,373.49"
4/21/2016,"10,435.73"
4/20/2016,"10,421.29"
4/19/2016,"10,349.59"
4/18/2016,"10,120.31"
4/15/2016,"10,051.57"
4/14/2016,"10,093.65"
4/13/2016,"10,026.10"
4/12/2016,"9,761.47"
4/11/2016,"9,682.99"
4/8/2016,"9,622.26"
4/7/2016,"9,530.62"
4/6/2016,"9,624.51"
4/5/2016,"9,563.36"
4/4/2016,"9,822.08"
4/1/2016,"9,794.64"
3/31/2016,"9,965.51"
3/30/2016,"10,046.61"
3/29/2016,"9,887.94"
3/24/2016,"9,851.35"
3/23/2016,"10,022.93"
3/22/2016,"9,990.00"
3/21/2016,"9,948.64"
3/18/2016,"9,950.80"
3/17/2016,"9,892.20"
3/16/2016,"9,983.41"
3/15/2016,"9,933.85"
3/14/2016,"9,990.26"
3/11/2016,"9,831.13"
3/10/2016,"9,498.15"
3/9/2016,"9,723.09"
3/8/2016,"9,692.82"
3/7/2016,"9,778.93"
3/4/2016,"9,824.17"
3/3/2016,"9,751.92"
3/2/2016,"9,776.62"
3/1/2016,"9,717.16"
2/29/2016,"9,495.40"
2/26/2016,"9,513.30"
2/25/2016,"9,331.48"
2/24/2016,"9,167.80"
2/23/2016,"9,416.77"
2/22/2016,"9,573.59"
2/19/2016,"9,388.05"
2/18/2016,"9,463.64"
2/17/2016,"9,377.21"
2/16/2016,"9,135.11"
2/15/2016,"9,206.84"
2/12/2016,"8,967.51"
2/11/2016,"8,752.87"
2/10/2016,"9,017.29"
2/9/2016,"8,879.40"
2/8/2016,"8,979.36"
2/5/2016,"9,286.23"
2/4/2016,"9,393.36"
2/3/2016,"9,434.82"
2/2/2016,"9,581.04"
2/1/2016,"9,757.88"
1/29/2016,"9,798.11"
1/28/2016,"9,639.59"
1/27/2016,"9,880.82"
1/26/2016,"9,822.75"
1/25/2016,"9,736.15"
1/22/2016,"9,764.88"
1/21/2016,"9,574.16"
1/20/2016,"9,391.64"
1/19/2016,"9,664.21"
1/18/2016,"9,521.85"
1/15/2016,"9,545.27"
1/14/2016,"9,794.20"
1/13/2016,"9,960.96"
1/12/2016,"9,985.43"
1/11/2016,"9,825.07"
1/8/2016,"9,849.34"
1/7/2016,"9,979.85"
1/6/2016,"10,214.02"
1/5/2016,"10,310.10"
1/4/2016,"10,283.44"
12/30/2015,"10,743.01"
12/29/2015,"10,860.14"
12/28/2015,"10,653.91"
12/23/2015,"10,727.64"
12/22/2015,"10,488.75"
12/21/2015,"10,497.77"
12/18/2015,"10,608.19"
12/17/2015,"10,738.12"
12/16/2015,"10,469.26"
12/15/2015,"10,450.38"
12/14/2015,"10,139.34"
12/11/2015,"10,340.06"
12/10/2015,"10,598.93"
12/9/2015,"10,592.49"
12/8/2015,"10,673.60"
12/7/2015,"10,886.09"
12/4/2015,"10,752.10"
12/3/2015,"10,789.24"
12/2/2015,"11,190.02"
12/1/2015,"11,261.24"
11/30/2015,"11,382.23"
11/27/2015,"11,293.76"
11/26/2015,"11,320.77"
11/25/2015,"11,169.54"
11/24/2015,"10,933.99"
11/23/2015,"11,092.31"
11/20/2015,"11,119.83"
11/19/2015,"11,085.44"
11/18/2015,"10,959.95"
11/17/2015,"10,971.04"
11/16/2015,"10,713.23"
11/13/2015,"10,708.40"
11/12/2015,"10,782.63"
11/11/2015,"10,907.87"
11/10/2015,"10,832.52"
11/9/2015,"10,815.45"
11/6/2015,"10,988.03"
11/5/2015,"10,887.74"
11/4/2015,"10,845.24"
11/3/2015,"10,951.15"
11/2/2015,"10,950.67"
10/30/2015,"10,850.14"
10/29/2015,"10,800.84"
10/28/2015,"10,831.96"
10/27/2015,"10,692.19"
10/26/2015,"10,801.34"
10/23/2015,"10,794.54"
10/22/2015,"10,491.97"
10/21/2015,"10,238.10"
10/20/2015,"10,147.68"
10/19/2015,"10,164.31"
10/16/2015,"10,104.43"
10/15/2015,"10,064.80"
10/14/2015,"9,915.85"
10/13/2015,"10,032.82"
10/12/2015,"10,119.83"
10/9/2015,"10,096.60"
10/8/2015,"9,993.07"
10/7/2015,"9,970.40"
10/6/2015,"9,902.83"
10/5/2015,"9,814.79"
10/2/2015,"9,553.07"
10/1/2015,"9,509.25"
9/30/2015,"9,660.44"
9/29/2015,"9,450.40"
9/28/2015,"9,483.55"
9/25/2015,"9,688.53"
9/24/2015,"9,427.64"
9/23/2015,"9,612.62"
9/22/2015,"9,570.66"
9/21/2015,"9,948.51"
9/18/2015,"9,916.16"
9/17/2015,"10,229.58"
9/16/2015,"10,227.21"
9/15/2015,"10,188.13"
9/14/2015,"10,131.74"
9/11/2015,"10,123.56"
9/10/2015,"10,210.44"
9/9/2015,"10,303.12"
9/8/2015,"10,271.36"
9/7/2015,"10,108.61"
9/4/2015,"10,038.04"
9/3/2015,"10,317.84"
9/2/2015,"10,048.05"
9/1/2015,"10,015.57"
8/31/2015,"10,259.46"
8/28/2015,"10,298.53"
8/27/2015,"10,315.62"
8/26/2015,"9,997.43"
8/25/2015,"10,128.12"
8/24/2015,"9,648.43"
8/21/2015,"10,124.52"
8/20/2015,"10,432.19"
8/19/2015,"10,682.15"
8/18/2015,"10,915.92"
8/17/2015,"10,940.33"
8/14/2015,"10,985.14"
8/13/2015,"11,014.63"
8/12/2015,"10,924.61"
8/11/2015,"11,293.65"
8/10/2015,"11,604.78"
8/7/2015,"11,490.83"
8/6/2015,"11,585.10"
8/5/2015,"11,636.30"
8/4/2015,"11,456.07"
8/3/2015,"11,443.72"
7/31/2015,"11,308.99"
7/30/2015,"11,257.15"
7/29/2015,"11,211.85"
7/28/2015,"11,173.91"
7/27/2015,"11,056.40"
7/24/2015,"11,347.45"
7/23/2015,"11,512.11"
7/22/2015,"11,520.67"
7/21/2015,"11,604.80"
7/20/2015,"11,735.72"
7/17/2015,"11,673.42"
7/16/2015,"11,716.76"
7/15/2015,"11,539.66"
7/14/2015,"11,516.90"
7/13/2015,"11,484.38"
7/10/2015,"11,315.63"
7/9/2015,"10,996.41"
7/8/2015,"10,747.30"
7/7/2015,"10,676.78"
7/6/2015,"10,890.63"
7/3/2015,"11,058.39"
7/2/2015,"11,099.35"
7/1/2015,"11,180.50"
6/30/2015,"10,944.97"
6/29/2015,"11,083.20"
6/26/2015,"11,492.43"
6/25/2015,"11,473.13"
6/24/2015,"11,471.26"
6/23/2015,"11,542.54"
6/22/2015,"11,460.50"
6/19/2015,"11,040.10"
6/18/2015,"11,100.30"
6/17/2015,"10,978.01"
6/16/2015,"11,044.01"
6/15/2015,"10,984.97"
6/12/2015,"11,196.49"
6/11/2015,"11,332.78"
6/10/2015,"11,265.39"
6/9/2015,"11,001.29"
6/8/2015,"11,064.92"
6/5/2015,"11,197.15"
6/4/2015,"11,340.60"
6/3/2015,"11,419.62"
6/2/2015,"11,328.80"
6/1/2015,"11,436.05"
5/29/2015,"11,413.82"
5/28/2015,"11,677.57"
5/27/2015,"11,771.13"
5/26/2015,"11,625.13"
5/25/2015,"11,815.01"
5/22/2015,"11,815.01"
5/21/2015,"11,864.59"
5/20/2015,"11,848.47"
5/19/2015,"11,853.33"
5/18/2015,"11,594.28"
5/15/2015,"11,447.03"
5/14/2015,"11,559.82"
5/13/2015,"11,351.46"
5/12/2015,"11,472.41"
5/11/2015,"11,673.35"
5/8/2015,"11,709.73"
5/7/2015,"11,407.97"
5/6/2015,"11,350.15"
5/5/2015,"11,327.68"
5/4/2015,"11,619.85"
4/30/2015,"11,454.38"
4/29/2015,"11,432.72"
4/28/2015,"11,811.66"
4/27/2015,"12,039.16"
4/24/2015,"11,810.85"
4/23/2015,"11,723.58"
4/22/2015,"11,867.37"
4/21/2015,"11,939.58"
4/20/2015,"11,891.91"
4/17/2015,"11,688.70"
4/16/2015,"11,998.86"
4/15/2015,"12,231.34"
4/14/2015,"12,227.60"
4/13/2015,"12,338.73"
4/10/2015,"12,374.73"
4/9/2015,"12,166.44"
4/8/2015,"12,035.86"
4/7/2015,"12,123.52"
4/2/2015,"11,967.39"
4/1/2015,"12,001.38"
3/31/2015,"11,966.17"
3/30/2015,"12,086.01"
3/27/2015,"11,868.33"
3/26/2015,"11,843.68"
3/25/2015,"11,865.32"
3/24/2015,"12,005.69"
3/23/2015,"11,895.84"
3/20/2015,"12,039.37"
3/19/2015,"11,899.40"
3/18/2015,"11,922.77"
3/17/2015,"11,980.85"
3/16/2015,"12,167.72"
3/13/2015,"11,901.61"
3/12/2015,"11,799.39"
3/11/2015,"11,805.99"
3/10/2015,"11,500.38"
3/9/2015,"11,582.11"
3/6/2015,"11,550.97"
3/5/2015,"11,504.01"
3/4/2015,"11,390.38"
3/3/2015,"11,280.36"
3/2/2015,"11,410.36"
2/27/2015,"11,401.66"
2/26/2015,"11,327.19"
2/25/2015,"11,210.27"
2/24/2015,"11,205.74"
2/23/2015,"11,130.92"
2/20/2015,"11,050.64"
2/19/2015,"11,001.94"
2/18/2015,"10,961.00"
2/17/2015,"10,895.62"
2/16/2015,"10,923.23"
2/13/2015,"10,963.40"
2/12/2015,"10,919.65"
2/11/2015,"10,752.11"
2/10/2015,"10,753.83"
2/9/2015,"10,663.51"
2/6/2015,"10,846.39"
2/5/2015,"10,905.41"
2/4/2015,"10,911.32"
2/3/2015,"10,890.95"
2/2/2015,"10,828.01"
1/30/2015,"10,694.32"
1/29/2015,"10,737.87"
1/28/2015,"10,710.97"
1/27/2015,"10,628.58"
1/26/2015,"10,798.33"
1/23/2015,"10,649.58"
1/22/2015,"10,435.62"
1/21/2015,"10,299.23"
1/20/2015,"10,257.13"
1/19/2015,"10,242.35"
1/16/2015,"10,167.77"
1/15/2015,"10,032.61"
1/14/2015,"9,817.08"
1/13/2015,"9,941.00"
1/12/2015,"9,781.90"
1/9/2015,"9,648.50"
1/8/2015,"9,837.61"
1/7/2015,"9,518.18"
1/6/2015,"9,469.66"
1/5/2015,"9,473.16"
1/2/2015,"9,764.73"
12/30/2014,"9,805.55"
12/29/2014,"9,927.13"
12/23/2014,"9,922.11"
12/22/2014,"9,865.76"
12/19/2014,"9,786.96"
12/18/2014,"9,811.06"
12/17/2014,"9,544.43"
12/16/2014,"9,563.89"
12/15/2014,"9,334.01"
12/12/2014,"9,594.73"
12/11/2014,"9,862.53"
12/10/2014,"9,799.73"
12/9/2014,"9,793.71"
12/8/2014,"10,014.99"
12/5/2014,"10,087.12"
12/4/2014,"9,851.35"
12/3/2014,"9,971.79"
12/2/2014,"9,934.08"
12/1/2014,"9,963.51"
11/28/2014,"9,980.85"
11/27/2014,"9,974.87"
11/26/2014,"9,915.56"
11/25/2014,"9,861.21"
11/24/2014,"9,785.54"
11/21/2014,"9,732.55"
11/20/2014,"9,483.97"
11/19/2014,"9,472.80"
11/18/2014,"9,456.53"
11/17/2014,"9,306.35"
11/14/2014,"9,252.94"
11/13/2014,"9,248.51"
11/12/2014,"9,210.96"
11/11/2014,"9,369.03"
11/10/2014,"9,351.87"
11/7/2014,"9,291.83"
11/6/2014,"9,377.41"
11/5/2014,"9,315.48"
11/4/2014,"9,166.47"
11/3/2014,"9,251.70"
10/31/2014,"9,326.87"
10/30/2014,"9,114.84"
10/29/2014,"9,082.81"
10/28/2014,"9,068.19"
10/27/2014,"8,902.61"
10/24/2014,"8,987.80"
10/23/2014,"9,047.31"
10/22/2014,"8,940.14"
10/21/2014,"8,886.96"
10/20/2014,"8,717.76"
10/17/2014,"8,850.27"
10/16/2014,"8,582.90"
10/15/2014,"8,571.95"
10/14/2014,"8,825.21"
10/13/2014,"8,812.43"
10/10/2014,"8,788.81"
10/9/2014,"9,005.02"
10/8/2014,"8,995.33"
10/7/2014,"9,086.21"
10/6/2014,"9,209.51"
10/2/2014,"9,195.68"
10/1/2014,"9,382.03"
9/30/2014,"9,474.30"
9/29/2014,"9,422.91"
9/26/2014,"9,490.55"
9/25/2014,"9,510.01"
9/24/2014,"9,661.97"
9/23/2014,"9,595.03"
9/22/2014,"9,749.54"
9/19/2014,"9,799.26"
9/18/2014,"9,798.13"
9/17/2014,"9,661.50"
9/16/2014,"9,632.93"
9/15/2014,"9,659.63"
9/12/2014,"9,651.13"
9/11/2014,"9,691.28"
9/10/2014,"9,700.17"
9/9/2014,"9,710.70"
9/8/2014,"9,758.03"
9/5/2014,"9,747.02"
9/4/2014,"9,724.26"
9/3/2014,"9,626.49"
9/2/2014,"9,507.02"
9/1/2014,"9,479.03"
8/29/2014,"9,470.17"
8/28/2014,"9,462.56"
8/27/2014,"9,569.71"
8/26/2014,"9,588.15"
8/25/2014,"9,510.14"
8/22/2014,"9,339.17"
8/21/2014,"9,401.53"
8/20/2014,"9,314.57"
8/19/2014,"9,334.28"
8/18/2014,"9,245.33"
8/15/2014,"9,092.60"
8/14/2014,"9,225.10"
8/13/2014,"9,198.88"
8/12/2014,"9,069.47"
8/11/2014,"9,180.74"
8/8/2014,"9,009.32"
8/7/2014,"9,038.97"
8/6/2014,"9,130.04"
8/5/2014,"9,189.74"
8/4/2014,"9,154.14"
8/1/2014,"9,210.08"
7/31/2014,"9,407.48"
7/30/2014,"9,593.68"
7/29/2014,"9,653.63"
7/28/2014,"9,598.17"
7/25/2014,"9,644.01"
7/24/2014,"9,794.06"
7/23/2014,"9,753.56"
7/22/2014,"9,734.33"
7/21/2014,"9,612.05"
7/18/2014,"9,720.02"
7/17/2014,"9,753.88"
7/16/2014,"9,859.27"
7/15/2014,"9,719.41"
7/14/2014,"9,783.01"
7/11/2014,"9,666.34"
7/10/2014,"9,659.13"
7/9/2014,"9,808.20"
7/8/2014,"9,772.67"
7/7/2014,"9,906.07"
7/4/2014,"10,009.08"
7/3/2014,"10,029.43"
7/2/2014,"9,911.27"
7/1/2014,"9,902.41"
6/30/2014,"9,833.07"
6/27/2014,"9,815.17"
6/26/2014,"9,804.90"
6/25/2014,"9,867.75"
6/24/2014,"9,938.08"
6/23/2014,"9,920.92"
6/20/2014,"9,987.24"
6/19/2014,"10,004.00"
6/18/2014,"9,930.33"
6/17/2014,"9,920.32"
6/16/2014,"9,883.98"
6/13/2014,"9,912.87"
6/12/2014,"9,938.70"
6/11/2014,"9,949.81"
6/10/2014,"10,028.80"
6/9/2014,"10,008.63"
6/6/2014,"9,987.19"
6/5/2014,"9,947.83"
6/4/2014,"9,926.67"
6/3/2014,"9,919.74"
6/2/2014,"9,950.12"
5/30/2014,"9,943.27"
5/29/2014,"9,938.90"
5/28/2014,"9,939.17"
5/27/2014,"9,940.82"
5/26/2014,"9,892.82"
5/23/2014,"9,768.01"
5/22/2014,"9,720.91"
5/21/2014,"9,697.87"
5/20/2014,"9,639.08"
5/19/2014,"9,659.39"
5/16/2014,"9,629.10"
5/15/2014,"9,656.05"
5/14/2014,"9,754.39"
5/13/2014,"9,754.43"
5/12/2014,"9,702.46"
5/9/2014,"9,581.45"
5/8/2014,"9,607.40"
5/7/2014,"9,521.30"
5/6/2014,"9,467.53"
5/5/2014,"9,529.50"
5/2/2014,"9,556.02"
4/30/2014,"9,603.23"
4/29/2014,"9,584.12"
4/28/2014,"9,446.36"
4/25/2014,"9,401.55"
4/24/2014,"9,548.68"
4/23/2014,"9,544.19"
4/22/2014,"9,600.09"
4/17/2014,"9,409.71"
4/16/2014,"9,317.82"
4/15/2014,"9,173.71"
4/14/2014,"9,339.17"
4/11/2014,"9,315.29"
4/10/2014,"9,454.54"
4/9/2014,"9,506.35"
4/8/2014,"9,490.79"
4/7/2014,"9,510.85"
4/4/2014,"9,695.77"
4/3/2014,"9,628.82"
4/2/2014,"9,623.36"
4/1/2014,"9,603.71"
3/31/2014,"9,555.91"
3/28/2014,"9,587.19"
3/27/2014,"9,451.21"
3/26/2014,"9,448.58"
3/25/2014,"9,338.40"
3/24/2014,"9,188.77"
3/21/2014,"9,342.94"
3/20/2014,"9,296.12"
3/19/2014,"9,277.05"
3/18/2014,"9,242.55"
3/17/2014,"9,180.89"
3/14/2014,"9,056.41"
3/13/2014,"9,017.79"
3/12/2014,"9,188.69"
3/11/2014,"9,307.79"
3/10/2014,"9,265.50"
3/7/2014,"9,350.75"
3/6/2014,"9,542.87"
3/5/2014,"9,542.02"
3/4/2014,"9,589.15"
3/3/2014,"9,358.89"
2/28/2014,"9,692.08"
2/27/2014,"9,588.33"
2/26/2014,"9,661.73"
2/25/2014,"9,699.35"
2/24/2014,"9,708.94"
2/21/2014,"9,656.95"
2/20/2014,"9,618.85"
2/19/2014,"9,660.05"
2/18/2014,"9,659.78"
2/17/2014,"9,656.76"
2/14/2014,"9,662.40"
2/13/2014,"9,596.77"
2/12/2014,"9,540.00"
2/11/2014,"9,478.77"
2/10/2014,"9,289.86"
2/7/2014,"9,301.92"
2/6/2014,"9,256.58"
2/5/2014,"9,116.32"
2/4/2014,"9,127.91"
2/3/2014,"9,186.52"
1/31/2014,"9,306.48"
1/30/2014,"9,373.48"
1/29/2014,"9,336.73"
1/28/2014,"9,406.91"
1/27/2014,"9,349.22"
1/24/2014,"9,392.02"
1/23/2014,"9,631.04"
1/22/2014,"9,720.11"
1/21/2014,"9,730.12"
1/20/2014,"9,715.90"
1/17/2014,"9,742.96"
1/16/2014,"9,717.71"
1/15/2014,"9,733.81"
1/14/2014,"9,540.51"
1/13/2014,"9,510.17"
1/10/2014,"9,473.24"
1/9/2014,"9,421.61"
1/8/2014,"9,497.84"
1/7/2014,"9,506.20"
1/6/2014,"9,428.00"
1/3/2014,"9,435.15"
1/2/2014,"9,400.04"
12/30/2013,"9,552.16"
12/27/2013,"9,589.39"
12/23/2013,"9,488.82"
12/20/2013,"9,400.18"
12/19/2013,"9,335.74"
12/18/2013,"9,181.75"
12/17/2013,"9,085.12"
12/16/2013,"9,163.56"
12/13/2013,"9,006.46"
12/12/2013,"9,017.00"
12/11/2013,"9,077.11"
12/10/2013,"9,114.44"
12/9/2013,"9,195.17"
12/6/2013,"9,172.41"
12/5/2013,"9,084.95"
12/4/2013,"9,140.63"
12/3/2013,"9,223.40"
12/2/2013,"9,401.96"
11/29/2013,"9,405.30"
11/28/2013,"9,387.37"
11/27/2013,"9,351.13"
11/26/2013,"9,290.07"
11/25/2013,"9,299.95"
11/22/2013,"9,219.04"
11/21/2013,"9,196.08"
11/20/2013,"9,202.07"
11/19/2013,"9,193.29"
11/18/2013,"9,225.43"
11/15/2013,"9,168.69"
11/14/2013,"9,149.66"
11/13/2013,"9,054.83"
11/12/2013,"9,076.48"
11/11/2013,"9,107.86"
11/8/2013,"9,078.28"
11/7/2013,"9,081.03"
11/6/2013,"9,040.87"
11/5/2013,"9,009.11"
11/4/2013,"9,037.23"
11/1/2013,"9,007.83"
10/31/2013,"9,033.92"
10/30/2013,"9,010.27"
10/29/2013,"9,022.04"
10/28/2013,"8,978.65"
10/25/2013,"8,985.74"
10/24/2013,"8,980.63"
10/23/2013,"8,919.86"
10/22/2013,"8,947.46"
10/21/2013,"8,867.22"
10/18/2013,"8,865.10"
10/17/2013,"8,811.98"
10/16/2013,"8,846.00"
10/15/2013,"8,804.44"
10/14/2013,"8,723.81"
10/11/2013,"8,724.83"
10/10/2013,"8,685.77"
10/9/2013,"8,516.69"
10/8/2013,"8,555.89"
10/7/2013,"8,591.58"
10/4/2013,"8,622.97"
10/3/2013,"8,597.91"
10/2/2013,"8,629.42"
10/1/2013,"8,689.14"
9/30/2013,"8,594.40"
9/27/2013,"8,661.51"
9/26/2013,"8,664.10"
9/25/2013,"8,665.63"
9/24/2013,"8,664.60"
9/23/2013,"8,635.29"
9/20/2013,"8,675.73"
9/19/2013,"8,694.18"
9/18/2013,"8,636.06"
9/17/2013,"8,596.95"
9/16/2013,"8,613.00"
9/13/2013,"8,509.42"
9/12/2013,"8,494.00"
9/11/2013,"8,495.73"
9/10/2013,"8,446.54"
9/9/2013,"8,276.32"
9/6/2013,"8,275.67"
9/5/2013,"8,234.98"
9/4/2013,"8,195.92"
9/3/2013,"8,180.71"
9/2/2013,"8,243.87"
8/30/2013,"8,103.15"
8/29/2013,"8,194.55"
8/28/2013,"8,157.90"
8/27/2013,"8,242.56"
8/26/2013,"8,435.15"
8/23/2013,"8,416.99"
8/22/2013,"8,397.89"
8/21/2013,"8,285.41"
8/20/2013,"8,300.03"
8/19/2013,"8,366.29"
8/16/2013,"8,391.94"
8/15/2013,"8,376.29"
8/14/2013,"8,438.12"
8/13/2013,"8,415.76"
8/12/2013,"8,359.25"
8/9/2013,"8,338.31"
8/8/2013,"8,318.32"
8/7/2013,"8,260.48"
8/6/2013,"8,299.73"
8/5/2013,"8,398.38"
8/2/2013,"8,406.94"
8/1/2013,"8,410.73"
7/31/2013,"8,275.97"
7/30/2013,"8,271.02"
7/29/2013,"8,259.03"
7/26/2013,"8,244.91"
7/25/2013,"8,298.98"
7/24/2013,"8,379.11"
7/23/2013,"8,314.23"
7/22/2013,"8,331.06"
7/19/2013,"8,331.57"
7/18/2013,"8,337.09"
7/17/2013,"8,254.72"
7/16/2013,"8,201.05"
7/15/2013,"8,234.81"
7/12/2013,"8,212.77"
7/11/2013,"8,158.80"
7/10/2013,"8,066.48"
7/9/2013,"8,057.75"
7/8/2013,"7,968.54"
7/5/2013,"7,806.00"
7/4/2013,"7,994.31"
7/3/2013,"7,829.32"
7/2/2013,"7,910.77"
7/1/2013,"7,983.92"
6/28/2013,"7,959.22"
6/27/2013,"7,990.75"
6/26/2013,"7,940.99"
6/25/2013,"7,811.30"
6/24/2013,"7,692.45"
6/21/2013,"7,789.24"
6/20/2013,"7,928.48"
6/19/2013,"8,197.08"
6/18/2013,"8,229.51"
6/17/2013,"8,215.73"
6/14/2013,"8,127.96"
6/13/2013,"8,095.39"
6/12/2013,"8,143.27"
6/11/2013,"8,222.46"
6/10/2013,"8,307.69"
6/7/2013,"8,254.68"
6/6/2013,"8,098.81"
6/5/2013,"8,196.18"
6/4/2013,"8,295.96"
6/3/2013,"8,285.80"
5/31/2013,"8,348.84"
5/30/2013,"8,400.20"
5/29/2013,"8,336.58"
5/28/2013,"8,480.87"
5/27/2013,"8,383.30"
5/24/2013,"8,305.32"
5/23/2013,"8,351.98"
5/22/2013,"8,530.89"
5/21/2013,"8,472.20"
5/20/2013,"8,455.83"
5/17/2013,"8,398.00"
5/16/2013,"8,369.87"
5/15/2013,"8,362.42"
5/14/2013,"8,339.11"
5/13/2013,"8,279.29"
5/10/2013,"8,278.59"
5/9/2013,"8,262.55"
5/8/2013,"8,249.71"
5/7/2013,"8,181.78"
5/6/2013,"8,112.08"
5/3/2013,"8,122.29"
5/2/2013,"7,961.71"
4/30/2013,"7,913.71"
4/29/2013,"7,873.50"
4/26/2013,"7,814.76"
4/25/2013,"7,832.86"
4/24/2013,"7,759.03"
4/23/2013,"7,658.21"
4/22/2013,"7,478.11"
4/19/2013,"7,459.96"
4/18/2013,"7,473.73"
4/17/2013,"7,503.03"
4/16/2013,"7,682.58"
4/15/2013,"7,712.63"
4/12/2013,"7,744.77"
4/11/2013,"7,871.63"
4/10/2013,"7,810.63"
4/9/2013,"7,637.51"
4/8/2013,"7,662.64"
4/5/2013,"7,658.75"
4/4/2013,"7,817.39"
4/3/2013,"7,874.75"
4/2/2013,"7,943.87"
3/28/2013,"7,795.31"
3/27/2013,"7,789.09"
3/26/2013,"7,879.67"
3/25/2013,"7,870.90"
3/22/2013,"7,911.35"
3/21/2013,"7,932.51"
3/20/2013,"8,001.97"
3/19/2013,"7,947.79"
3/18/2013,"8,010.70"
3/15/2013,"8,042.85"
3/14/2013,"8,058.37"
3/13/2013,"7,970.91"
3/12/2013,"7,966.12"
3/11/2013,"7,984.29"
3/8/2013,"7,986.47"
3/7/2013,"7,939.77"
3/6/2013,"7,919.33"
3/5/2013,"7,870.31"
3/4/2013,"7,691.68"
3/1/2013,"7,708.16"
2/28/2013,"7,741.70"
2/27/2013,"7,675.83"
2/26/2013,"7,597.11"
2/25/2013,"7,773.19"
2/22/2013,"7,661.91"
2/21/2013,"7,583.57"
2/20/2013,"7,728.90"
2/19/2013,"7,752.45"
2/18/2013,"7,628.73"
2/15/2013,"7,593.51"
2/14/2013,"7,631.19"
2/13/2013,"7,711.89"
2/12/2013,"7,660.19"
2/11/2013,"7,633.74"
2/8/2013,"7,652.14"
2/7/2013,"7,590.85"
2/6/2013,"7,581.18"
2/5/2013,"7,664.66"
2/4/2013,"7,638.23"
2/1/2013,"7,833.39"
1/31/2013,"7,776.05"
1/30/2013,"7,811.31"
1/29/2013,"7,848.57"
1/28/2013,"7,833.00"
1/25/2013,"7,857.97"
1/24/2013,"7,748.13"
1/23/2013,"7,707.54"
1/22/2013,"7,696.21"
1/21/2013,"7,748.86"
1/18/2013,"7,702.23"
1/17/2013,"7,735.46"
1/16/2013,"7,691.13"
1/15/2013,"7,675.91"
1/14/2013,"7,729.52"
1/11/2013,"7,715.53"
1/10/2013,"7,708.47"
1/9/2013,"7,720.47"
1/8/2013,"7,695.83"
1/7/2013,"7,732.66"
1/4/2013,"7,776.37"
1/3/2013,"7,756.44"
1/2/2013,"7,778.78"
12/28/2012,"7,612.39"
12/27/2012,"7,655.88"
12/21/2012,"7,636.23"
12/20/2012,"7,672.10"
12/19/2012,"7,668.50"
12/18/2012,"7,653.58"
12/17/2012,"7,604.94"
12/14/2012,"7,596.47"
12/13/2012,"7,581.98"
12/12/2012,"7,614.79"
12/11/2012,"7,589.75"
12/10/2012,"7,530.92"
12/7/2012,"7,517.80"
12/6/2012,"7,534.54"
12/5/2012,"7,454.55"
12/4/2012,"7,435.12"
12/3/2012,"7,435.21"
11/30/2012,"7,405.50"
11/29/2012,"7,400.96"
11/28/2012,"7,343.41"
11/27/2012,"7,332.33"
11/26/2012,"7,292.03"
11/23/2012,"7,309.13"
11/22/2012,"7,244.99"
11/21/2012,"7,184.71"
11/20/2012,"7,172.99"
11/19/2012,"7,123.84"
11/16/2012,"6,950.53"
11/15/2012,"7,043.42"
11/14/2012,"7,101.92"
11/13/2012,"7,169.12"
11/12/2012,"7,168.76"
11/9/2012,"7,163.50"
11/8/2012,"7,204.96"
11/7/2012,"7,232.83"
11/6/2012,"7,377.76"
11/5/2012,"7,326.47"
11/2/2012,"7,363.85"
11/1/2012,"7,335.67"
10/31/2012,"7,260.63"
10/30/2012,"7,284.40"
10/29/2012,"7,203.16"
10/26/2012,"7,231.85"
10/25/2012,"7,200.23"
10/24/2012,"7,192.85"
10/23/2012,"7,173.69"
10/22/2012,"7,328.05"
10/19/2012,"7,380.64"
10/18/2012,"7,437.23"
10/17/2012,"7,394.55"
10/16/2012,"7,376.27"
10/15/2012,"7,261.25"
10/12/2012,"7,232.49"
10/11/2012,"7,281.70"
10/10/2012,"7,205.23"
10/9/2012,"7,234.53"
10/8/2012,"7,291.21"
10/5/2012,"7,397.87"
10/4/2012,"7,305.21"
10/3/2012,"7,322.08"
10/2/2012,"7,305.86"
10/1/2012,"7,326.73"
9/28/2012,"7,216.15"
9/27/2012,"7,290.02"
9/26/2012,"7,276.51"
9/25/2012,"7,425.11"
9/24/2012,"7,413.16"
9/21/2012,"7,451.62"
9/20/2012,"7,389.49"
9/19/2012,"7,390.76"
9/18/2012,"7,347.69"
9/17/2012,"7,403.69"
9/14/2012,"7,412.13"
9/13/2012,"7,310.32"
9/12/2012,"7,343.53"
9/11/2012,"7,310.11"
9/10/2012,"7,213.70"
9/7/2012,"7,214.50"
9/6/2012,"7,167.33"
9/5/2012,"6,964.69"
9/4/2012,"6,932.58"
9/3/2012,"7,014.83"
8/31/2012,"6,970.79"
8/30/2012,"6,895.49"
8/29/2012,"7,010.57"
8/28/2012,"7,002.68"
8/27/2012,"7,047.45"
8/24/2012,"6,971.07"
8/23/2012,"6,949.57"
8/22/2012,"7,017.75"
8/21/2012,"7,089.32"
8/20/2012,"7,033.68"
8/17/2012,"7,040.88"
8/16/2012,"6,996.29"
8/15/2012,"6,946.80"
8/14/2012,"6,974.39"
8/13/2012,"6,909.68"
8/10/2012,"6,944.56"
8/9/2012,"6,964.99"
8/8/2012,"6,966.15"
8/7/2012,"6,967.95"
8/6/2012,"6,918.72"
8/3/2012,"6,865.66"
8/2/2012,"6,606.09"
8/1/2012,"6,754.46"
7/31/2012,"6,772.26"
7/30/2012,"6,774.06"
7/27/2012,"6,689.40"
7/26/2012,"6,582.96"
7/25/2012,"6,406.52"
7/24/2012,"6,390.41"
7/23/2012,"6,419.33"
7/20/2012,"6,630.02"
7/19/2012,"6,758.39"
7/18/2012,"6,684.42"
7/17/2012,"6,577.64"
7/16/2012,"6,565.72"
7/13/2012,"6,557.10"
7/12/2012,"6,419.35"
7/11/2012,"6,453.85"
7/10/2012,"6,438.33"
7/9/2012,"6,387.57"
7/6/2012,"6,410.11"
7/5/2012,"6,535.56"
7/4/2012,"6,564.80"
7/3/2012,"6,578.21"
7/2/2012,"6,496.08"
6/29/2012,"6,416.28"
6/28/2012,"6,149.91"
6/27/2012,"6,228.99"
6/26/2012,"6,136.69"
6/25/2012,"6,132.39"
6/22/2012,"6,263.25"
6/21/2012,"6,343.13"
6/20/2012,"6,392.13"
6/19/2012,"6,363.36"
6/18/2012,"6,248.20"
6/15/2012,"6,229.41"
6/14/2012,"6,138.61"
6/13/2012,"6,152.49"
6/12/2012,"6,161.24"
6/11/2012,"6,141.05"
6/8/2012,"6,130.82"
6/7/2012,"6,144.22"
6/6/2012,"6,093.99"
6/5/2012,"5,969.40"
6/4/2012,"5,978.23"
6/1/2012,"6,050.29"
5/31/2012,"6,264.38"
5/30/2012,"6,280.80"
5/29/2012,"6,396.84"
5/28/2012,"6,323.19"
5/25/2012,"6,339.94"
5/24/2012,"6,315.89"
5/23/2012,"6,285.75"
5/22/2012,"6,435.60"
5/21/2012,"6,331.04"
5/18/2012,"6,271.22"
5/17/2012,"6,308.96"
5/16/2012,"6,384.26"
5/15/2012,"6,401.06"
5/14/2012,"6,451.97"
5/11/2012,"6,579.93"
5/10/2012,"6,518.00"
5/9/2012,"6,475.31"
5/8/2012,"6,444.74"
5/7/2012,"6,569.48"
5/4/2012,"6,561.47"
5/3/2012,"6,694.44"
5/2/2012,"6,710.77"
4/30/2012,"6,761.19"
4/27/2012,"6,801.32"
4/26/2012,"6,739.90"
4/25/2012,"6,704.50"
4/24/2012,"6,590.41"
4/23/2012,"6,523.00"
4/20/2012,"6,750.12"
4/19/2012,"6,671.22"
4/18/2012,"6,732.03"
4/17/2012,"6,801.00"
4/16/2012,"6,625.19"
4/13/2012,"6,583.90"
4/12/2012,"6,743.24"
4/11/2012,"6,674.73"
4/10/2012,"6,606.43"
4/5/2012,"6,775.26"
4/4/2012,"6,784.06"
4/3/2012,"6,982.28"
4/2/2012,"7,056.65"
3/30/2012,"6,946.83"
3/29/2012,"6,875.15"
3/28/2012,"6,998.80"
3/27/2012,"7,078.90"
3/26/2012,"7,079.23"
3/23/2012,"6,995.62"
3/22/2012,"6,981.26"
3/21/2012,"7,071.32"
3/20/2012,"7,054.94"
3/19/2012,"7,154.22"
3/16/2012,"7,157.82"
3/15/2012,"7,144.45"
3/14/2012,"7,079.42"
3/13/2012,"6,995.91"
3/12/2012,"6,901.35"
3/9/2012,"6,880.21"
3/8/2012,"6,834.54"
3/7/2012,"6,671.11"
3/6/2012,"6,633.11"
3/5/2012,"6,866.46"
3/2/2012,"6,921.37"
3/1/2012,"6,941.77"
2/29/2012,"6,856.08"
2/28/2012,"6,887.63"
2/27/2012,"6,849.60"
2/24/2012,"6,864.43"
2/23/2012,"6,809.46"
2/22/2012,"6,843.87"
2/21/2012,"6,908.18"
2/20/2012,"6,948.25"
2/17/2012,"6,848.03"
2/16/2012,"6,751.96"
2/15/2012,"6,757.94"
2/14/2012,"6,728.19"
2/13/2012,"6,738.47"
2/10/2012,"6,692.96"
2/9/2012,"6,788.80"
2/8/2012,"6,748.76"
2/7/2012,"6,754.20"
2/6/2012,"6,764.83"
2/3/2012,"6,766.67"
2/2/2012,"6,655.63"
2/1/2012,"6,616.64"
1/31/2012,"6,458.91"
1/30/2012,"6,444.45"
1/27/2012,"6,511.98"
1/26/2012,"6,539.85"
1/25/2012,"6,421.85"
1/24/2012,"6,419.22"
1/23/2012,"6,436.62"
1/20/2012,"6,404.39"
1/19/2012,"6,416.26"
1/18/2012,"6,354.57"
1/17/2012,"6,332.93"
1/16/2012,"6,220.01"
1/13/2012,"6,143.08"
1/12/2012,"6,179.21"
1/11/2012,"6,152.34"
1/10/2012,"6,162.98"
1/9/2012,"6,017.23"
1/6/2012,"6,057.92"
1/5/2012,"6,095.99"
1/4/2012,"6,111.55"
1/3/2012,"6,166.57"
1/2/2012,"6,075.52"
